CombinedId,County,CountyName,Year,KCAL,TOTCHOL,NONHDL,dBMI,WHTFLOUR,EGGS,FISH,FRUIT,GREENVEG,LEGUME,LIGHTVEG,MEAT,MILK,OTHCEREAL,RICE,SALTVEG,STCHSUGAR,STCHTUBER,ALL0-4,ALL5-14,ALL15-34,ALL0-34,ALL35-69,ALL70-79,MEDICALb,MEDICALc,NONMEDb,NONMEDc,INFECTb,INFECTc,INTESTINb,INTESTINc,PULMTBb,PULMTBc,OTHERTBb,OTHERTBc,VIRALHEPb,VIRALHEPc,SCHISTOc,ALLCAb,ALLCAc,MOUTHCAc,NASOPCAc,NPConlyc,OESOPHCAc,STOMCAc,COLRECCAc,LIVERCAb,LIVERCAc,PANCRSCAc,BLADDCAc,LARYNXCAc,LUNGCAmc,LUNGCAfc,BREASTCAc,CERVIXCAc,BRAINCAc,LYMPHOMAc,LEUKEMIAb,LEUKEMIAc,ENDOCRINb,ENDOCRINc,DIABETESc,MALNUTRIb,MALNUTRIc,BLOODb,BLOODc,MENTALb,MENTALc,NERVOUSb,NERVOUSc,MENINGITb,MENINGITc,EPILEPSYb,EPILEPSYc,ALLVASCb,ALLVASCc,RHEUMHDb,RHEUMHDc,HYPTENSc,IHDc,IHeartDisease,STROKEb,STROKEc,VASC-STRb,VASC-STRc,ALLRESPb,ALLRESPc,PNEUMONb,PNEUMONc,COPDc,DIGESTIVb,DIGESTIVc,PEPULCERc,ENTCOLc,INTESTOBc,CIRRHOSb,CIRRHOSc,TOTLIVRb,TOTLIVRc,GALLBILc,GENITURc,GENITURmc,GENITURfc,RENALc,PREGBRTHb,PREGBRTHc,ALLSKINc,MUSCSKELc,ILL-DEFb,ILL-DEFc,ACCIDENTb,ACCIDENTc,ROADACCb,ROADACCc,DROWNb,DROWNc,SUICIDEb,SUICIDEc,HOMICIDEb,HOMICIDEc,INFANT,MATERNAL,ALLCUMa,MEDICALa,NONMEDa,RESPINFa,ALLGIa,CONGENITa,NTDa,CONGENHDa,PERINATa,LOWBTHWTa,BTHTRAUMa,RDSa,NEOTETANa,MALNUTRIa,DROWNa
AAT31983,AA,Shanghai,1983,2521,151,100.6,20.5,17.1,12,23.2,0,113.5,17.7,120.7,44.9,0,0,490,11.4,0.2,94.3,3.44,57.26,99.25,122.17,11.27,78.29,70.28,10.6,51.9,67.67,14.06,127.71,0,0,1.6,73.8,0.13,1.32,0,0,20.84,12.17,3.93,0,3.21,0,59.87,107.02,16.84,2.04,73.01,0,3.58,0,0,0,10.78,12.67,3.44,4.3,3.08,5.95,0.87,5.06,3.77,0,0,1.03,3.62,0,0,0,0,0,0,0,0,9.47,2.21,1.03,16.79,9.79,9.87,9.87,0.59,155.96,8.89,65.1,7.5,204.32,5.04,12.21,146.26,3.46,64.91,5.72,0,2.66,0,0,0,0,0,0,0,0,14.11,0,0,0,0,0,0,0,0,0,0,0,0,0,0,0,0,13.54,0,17.19,10.16,7.03,0,0,0,0,0,4.43,0,0,0,0.04,0,0
ABT31983,AB,Qingpu,1983,2704,130,84.6,20.4,22,12.6,11.2,0,80.1,21.8,132.3,62.5,0,0,513.5,22.1,4,65.5,4.42,59.52,120.29,148.94,12.75,87.83,85.95,12.11,62.99,63.76,26.54,250.54,0,0,3.49,114.51,0.89,2.11,0,0,88.23,14.07,3.99,0,3.94,0,51.12,118.84,44.2,1.32,74.22,0,0.39,0,0,0,8.05,20.67,3.23,2.51,3.08,6.78,1.56,4.51,4.11,0,0,0.37,1.43,0,0,0,0,0,0,0,0,11.49,1.82,1.27,10.08,9.78,5.36,5.36,1.21,124.18,10.29,57.46,12.88,278.21,10.96,17.41,258.87,2.79,52.68,10.24,0,1.41,0,0,0,0,0,0,0,0,20.56,0,0,0,0,0,0,0,0,0,0,0,0,0,0,0,0,12.69,0,22.12,13.15,8.96,0,0,0,0,0,3.86,0,0,0,0,0,0
ACT31983,AC,Songjiang,1983,2416,118,85.7,20,3.8,10,32.4,0,31.6,4,212.6,24,0,0,532,7.1,0.1,23.2,3.55,62.42,94.74,122.67,11.67,86.03,70.39,11.1,52.29,57.15,22.04,150.46,0,0,2.38,82.17,0.19,2.5,0,0,36.64,8.94,3.32,0,2.22,0,44.27,96.71,27.86,0.95,66.17,0,2.38,0,0,0,9.53,12.03,2.11,1.91,1.79,4.69,0.24,2.84,2.11,0,0,0.47,2.96,0,0,0,0,0,0,0,0,8.39,1.9,0.7,11.58,6.37,7.38,7.38,0.44,121.79,7.95,67.97,11.68,303.33,9.33,11.06,214.11,3.31,65.64,2.48,0,6.35,0,0,0,0,0,0,0,0,13.68,0,0,0,0,0,0,0,0,0,0,0,0,0,0,0,0,8.36,0,17.75,10.42,7.33,0,0,0,0,0,2.83,0,0,0,0,0,0
BAT31983,BA,Cixian,1983,2656,110,66.9,20.6,400.2,0,0,0,198,0,177.8,4.4,0,257.9,4.5,2.6,1.6,4.9,8.44,105.55,126.13,222.79,17.1,97.55,185.96,16.56,36.84,53.81,94.86,171.31,0,0,8.51,82.83,2.96,8.47,0,0,0,7.47,6.5,0,4,0,441.81,60.57,11.93,0.34,37.56,0,0.47,0,0,0,5.13,48.74,4.56,1.92,1.47,3.21,1.32,8.72,7.32,0,0,3.04,5.42,0,0,0,0,0,0,0,0,15.33,3.43,3.12,21.52,54.55,48.21,48.21,1.16,205.21,14.17,137.22,41.17,310.08,36.37,21.25,249.2,14.38,115.56,24.66,0,6.21,0,0,0,0,0,0,0,0,20.07,0,0,0,0,0,0,0,0,0,0,0,0,0,0,0,0,28.84,0,42.2,38.98,3.22,0,0,0,0,0,11.97,0,0,0,5.91,0,0
BBT31983,BB,Jingxing,1983,1855,123,78,21.5,125.8,1.4,0,2.2,690.9,3.7,127.6,0,0,342.1,6.1,0,0.6,14.1,4.33,91.29,121.71,157.48,13.41,70.45,113.36,12.74,44.12,67.72,53.44,82.18,0,0,8.54,47.5,2.89,7.26,0,0,0,9.79,4.37,0,5.66,0,199.12,72.72,9.97,1.15,32.38,0,1.48,0,0,0,6.42,83.7,2.54,4.33,3.31,4.53,1.95,6.25,4.46,0,0,2.44,3.92,0,0,0,0,0,0,0,0,10.43,3.48,3.51,28.25,45.8,48.53,48.53,0.41,217.14,10.02,130.55,21.2,237.64,19.17,15.5,216.56,5.47,86.66,25.53,0,6.86,0,0,0,0,0,0,0,0,23.76,0,0,0,0,0,0,0,0,0,0,0,0,0,0,0,0,9.95,0,21.65,19.44,2.22,0,0,0,0,0,7.53,0,0,0,3.99,0,0
BCT31983,BC,Huanghua,1983,2549,126,80,20.8,396.2,3.1,5.8,15.3,189.8,5.2,153.8,1.2,0,229.5,6.3,27,0.1,6.1,8.58,51.24,92.78,190.21,9.53,57.98,157.58,9.13,32.63,39.53,62.7,78.39,0,0,5.27,46.8,3,8.35,0,0,0,9.41,2.7,0,2.98,0,51.82,39.68,18.21,1.09,52.95,0,0.97,0,0,0,8.85,19.95,8.04,3.2,3.31,4.07,3.42,5.79,5.79,0,0,1.38,1.72,0,0,0,0,0,0,0,0,13.27,2.22,5.14,24.93,22.57,35.58,35.58,0.69,134.86,12.59,86.52,19.27,230.11,17.19,8.05,218.57,6.63,83.97,17.07,0,3.11,0,0,0,0,0,0,0,0,9.57,0,0,0,0,0,0,0,0,0,0,0,0,0,0,0,0,44.89,0,42.9,38.82,4.07,0,0,0,0,0,23.61,0,0,0,7.59,0,0
CBT31983,CB,Huguan,1983,2398,116,69.5,20.7,89,1.5,0,0,48.7,0.5,328.2,0,0,538.4,1.3,0,2,250.2,18.18,175.03,196.2,421.74,19.46,108.08,377.01,18.67,44.72,78.55,179.47,134.43,0,0,9.39,62.99,2.83,16.69,0,0,0,10.54,5.73,0,5.59,0,201.77,212.66,19.25,0.29,43.46,0,0,0,0,0,11.06,82.17,2.2,2.99,3.5,1.48,2.75,12.16,10.18,0,0,2.92,8.26,0,0,0,0,0,0,0,0,15.54,4.02,2.37,62.3,54.27,23.13,23.13,1.55,237.41,14,164.53,105.15,432.62,99.19,29.39,337.56,24.17,186.62,45.3,0,24.46,0,0,0,0,0,0,0,0,64.14,0,0,0,0,0,0,0,0,0,0,0,0,0,0,0,0,66.87,0,90.87,87.04,3.83,0,0,0,0,0,34.48,0,0,0,3.66,0,0
CCT31983,CC,Jiangxian,1983,2276,139,88.8,20.8,517.3,0.5,0,4.1,13.3,1.6,130.5,4.3,0,39.2,0.5,10.1,2.7,104,6.76,128.12,162.71,226.2,18.51,83.15,182.63,17.61,43.58,89.72,96.89,136.11,0,0,8.43,49.34,4.38,16.38,0,0,0,8.1,5.4,0,4.42,0,163.97,182.9,27.9,0,44.21,0,3.27,0,0,0,14.61,113.77,8.87,1.3,1.7,10.87,0.45,2.37,2.37,0,0,3.66,10.63,0,0,0,0,0,0,0,0,17.66,4.31,7.73,21.69,62.97,41.71,41.71,1.68,286.43,15.99,144.3,52.81,409.05,49.52,41.82,339.32,14.94,175.9,50.63,0,9.87,0,0,0,0,0,0,0,0,32.11,0,0,0,0,0,0,0,0,0,0,0,0,0,0,0,0,20.76,0,33.81,32.03,1.79,0,0,0,0,0,7.53,0,0,0,3.43,0,0
CDT31983,CD,Jiexiu,1983,3335,103,59.8,21.2,348.8,0,0,0,12.4,33.9,226.6,0.4,0,343,0.6,3,0.2,493.4,6.62,99.28,125.09,194.33,12.24,85.57,161.82,11.59,32.51,64.84,72.09,83.63,0,0,7.71,44.41,4.03,12.27,0,0,0,8.28,2.52,0,4.53,0,56.49,40.14,20.89,0.53,24.6,0,1.93,0,0,0,15.91,76.35,0,2.26,2.42,3.54,3.57,5.89,1.25,0,0,1.01,2.25,0,0,0,0,0,0,0,0,12.77,3.42,3.81,36.19,37.34,51.47,51.47,1.35,199.47,11.42,142.16,30.65,314.84,28.05,14.69,282.01,12.97,87.84,22.64,0,2.13,0,0,0,0,0,0,0,0,27.71,0,0,0,0,0,0,0,0,0,0,0,0,0,0,0,0,21.78,0,33.08,31.97,1.1,0,0,0,0,0,11,0,0,0,2.98,0,0
DAT31983,DA,Shangshui,1983,2897,116,77.6,19.6,462.8,0.2,0,9.5,1.7,12.3,244.9,41.1,0,150.2,0,0,4.9,215.6,8.56,213.43,117.98,250.59,11.15,74.42,216.03,10.71,34.55,44.67,146.89,241.38,0,0,6.92,120.95,1.14,5.67,0,0,0,4.92,1.6,0,2.45,0,62.73,21.06,7.9,0.58,19.21,0,0.65,0,0,0,10.9,26.25,2.04,1.51,1.56,1.89,0.79,8.45,6.69,0,0,2.66,11.08,0,0,0,0,0,0,0,0,9.31,1.76,4.83,25.95,27.66,15.62,15.62,1.01,94.06,8.3,81.92,39.91,244.22,35.71,35.24,176.92,17.89,190.63,46.74,0,13.58,0,0,0,0,0,0,0,0,26.56,0,0,0,0,0,0,0,0,0,0,0,0,0,0,0,0,24.91,0,42.77,39.69,3.07,0,0,0,0,0,15.54,0,0,0,13.17,0,0
DBT31983,DB,Linxian,1983,2951,122,83,20.8,247.2,1.8,0,0.2,3.6,9.6,417.1,1.5,0.1,202.5,61.7,3.8,1.4,710.6,8.45,160.05,198.83,280.06,20.56,117.33,217.81,19.79,62.24,77.05,136.9,154.66,0,0,16.93,80.22,3.52,14.26,0,0,0,8.85,7.93,0,2.9,0,542.27,143.85,15.25,0.47,28.06,0,1.93,0,0,0,9.24,29.37,2.44,2.55,2.16,3.05,2.27,12.12,11.02,0,0,4.07,5.5,0,0,0,0,0,0,0,0,17.52,5.32,7.6,42.04,82.07,42.81,42.81,0.95,358.5,16.57,173.51,49.56,262.32,46.2,11.78,227.53,13.3,173.59,71,0,16.47,0,0,0,0,0,0,0,0,28.07,0,0,0,0,0,0,0,0,0,0,0,0,0,0,0,0,24.63,0,42.25,37.38,4.87,0,0,0,0,0,10.96,0,0,0,7.07,0,0
DCT31983,DC,Songxian,1983,2720,118,82.5,20.2,342.1,0.1,0,2.6,182.2,6,240.6,1.9,0,229.2,47.8,0.2,0.3,290,6.09,120.13,189.03,229.39,15.12,95.2,178,14.23,51.39,88.43,79.98,123.81,0,0,9,65.08,3.39,7.4,0,0,0,8.59,5.66,0,5.32,0,312.12,119.4,13.54,1.38,41.98,0,1.78,0,0,0,5.54,51.71,3.46,8.69,2.88,2.52,1.9,7.22,5.03,0,0,2.83,5.03,0,0,0,0,0,0,0,0,17.34,2.62,4,36.51,35.22,14.18,14.18,4.49,126.52,12.85,135.46,27.29,198.6,21.39,19.61,150.44,25.44,180.43,40.29,0,14.69,0,0,0,0,0,0,0,0,37.94,0,0,0,0,0,0,0,0,0,0,0,0,0,0,0,0,19.32,0,30.47,27.41,3.06,0,0,0,0,0,10.74,0,0,0,8.14,0,0
EAT31983,EA,Xiuyan,1983,2982,119,81,21.2,112.1,7.1,7.7,12.2,227.6,37.6,202.1,94.6,0,202.1,161.2,0.7,13.2,189.2,9.45,106.73,131.19,240.47,14.87,65.02,204.89,14.28,35.59,58.05,109.7,119.27,0,0,8.06,69.98,4.07,8.18,0,0,0,10.54,3.46,0,7.15,0,30.38,157.09,19.05,0.66,40.4,0,1.95,0,0,0,17.54,33.86,7.15,3.11,2.54,3.93,2.87,5.37,3.85,0,0,1.9,3.56,0,0,0,0,0,0,0,0,13.71,2.02,6.13,35.43,25.2,13.25,13.25,3.46,116.54,10.26,85.09,43.27,573.6,38.31,12.16,516.8,9.19,101.76,24.17,0,8.74,0,0,0,0,0,0,0,0,22.7,0,0,0,0,0,0,0,0,0,0,0,0,0,0,0,0,24.76,0,47.25,44.34,2.91,0,0,0,0,0,17.6,0,0,0,10.37,0,0
FAT31983,FA,Changling,1983,2650,117,73.6,20.6,61.7,6,0,0.8,10,0.4,532,3.6,0,537,0,0.5,0.5,54.6,9.43,104.53,156.28,253.87,14.17,65.85,231.68,13.81,22.2,35.44,135.25,121.97,0,0,11.62,50.88,14.27,17.98,0,0,0,9.06,2.37,0,6.95,0,18.26,77.87,15.7,0.49,37.26,0,1.19,0,0,0,22.92,27.78,2.31,1.66,3.66,5.54,3.09,6.58,5.78,0,0,2.42,3.97,0,0,0,0,0,0,0,0,16.46,3.21,8.78,43.19,38.6,40.98,40.98,2.81,187.78,13.66,133.04,51.84,491.13,48.13,25.08,406.43,16.78,125.45,31.27,0,11.55,0,0,0,0,0,0,0,0,40.26,0,0,0,0,0,0,0,0,0,0,0,0,0,0,0,0,20.5,0,47.14,45.21,1.94,0,0,0,0,0,13,0,0,0,7.77,0,0
GAT31983,GA,Baoqing,1983,2605,137,102.6,21.6,385.7,14,15.8,25.1,86.9,2.2,391.6,49,19.1,14.9,38.3,64,5.6,97.1,10.29,105.02,119.17,245.11,8.81,37.33,211.06,8.15,34.05,65.34,129.07,66.09,0,0,7.67,37.33,5.51,3.9,0,0,0,11.14,1.94,0,4.04,0,22.9,53.96,9.1,1.01,38.38,0,1.27,0,0,0,9.15,28.99,0.28,1.53,2.88,0.69,1.44,2.22,1.8,0,0,1.51,2.63,0,0,0,0,0,0,0,0,16.05,1.78,3.38,20.19,25.79,20.21,20.21,2.17,97.48,13.88,80.5,61.54,300.04,57.63,6.29,281.21,8.52,47.94,7.76,0,7.35,0,0,0,0,0,0,0,0,9.88,0,0,0,0,0,0,0,0,0,0,0,0,0,0,0,0,30.36,0,51.46,49.45,2,0,0,0,0,0,10.03,0,0,0,4.03,0,0
HAT31983,HA,Laoshan,1983,2152,154,103.5,22.3,280.1,1.2,45.4,2.4,3.1,6.5,364.8,27.1,0,145.5,13,17.9,0.7,121.7,7.29,80.23,126.72,199.53,12.47,54.87,0,0,0,0,0,0,0,0,0,0,0,0,0,0,0,11.17,3.53,0,2.64,0,26.29,117.31,13.05,1.16,80.44,0,0,0,0,0,11.41,72.73,0,0,4.07,3.7,0,0,0,0,0,0,0,0,0,0,0,0,0,0,0,0,0,0,0,0,0,0,0,0,0,0,0,0,0,0,0,0,0,0,0,0,0,0,0,0,0,0,0,0,0,0,0,0,0,0,0,0,0,0,0,0,0,0,0,0,0,0,0,36.47,0,0,0,0,0,0,0,0,0,0,0,0,0,0
IAT31983,IA,Shuyang,1983,3046,116,69.3,21.4,201.4,1.4,4.7,0,1.5,13.3,452,17.6,0,34.4,328.3,2.9,5.5,540.7,9.3,117.88,112.28,230.66,12.36,65.27,168.67,11.89,61.99,47.13,86.03,204.81,0,0,7.34,93.7,2.16,10.81,0,0,0.58,11.39,3.71,0,5.63,0,155.84,72.74,14.39,2.17,49.01,0,2.44,0,0,0,9.9,36.06,2.83,6.03,3.1,4.2,4.21,9.68,7.78,0,0,2.23,5.06,0,0,0,0,0,0,0,0,13.3,1.18,4.21,26.73,18.89,9.35,9.35,1.42,57.32,11.9,59.79,26.71,265.72,23.1,34.38,190.68,16.96,163.75,54.23,0,13.44,0,0,0,0,0,0,0,0,36.34,0,0,0,0,0,0,0,0,0,0,0,0,0,0,0,0,40.34,0,46.48,33.43,13.06,0,0,0,0,0,9.78,0,0,0,4.46,0,0
IBT31983,IB,Huaian,1983,3009,123,79.6,21.3,25.4,0.8,2.9,0,167.6,6,255.4,20.3,0,0,611.5,31.1,1,250.5,17.09,184.27,132.02,372.19,18.26,86.78,277.09,17.78,95.11,47.34,155.84,221.63,0,0,11.58,134.35,6.66,11.06,0,0,0.99,14.68,6.97,0,7.91,0,369.94,144.09,15.73,3,74.47,0,2.06,0,0,0,10.13,26.44,3.71,8.65,3.64,5.83,8.77,9.87,6.24,0,0,3.76,5.99,0,0,0,0,0,0,0,0,12.57,2.21,5.49,34.93,39.27,12.08,12.08,0.6,124.08,11.97,97.06,45.33,365.34,39.94,24.34,287.46,30.9,211.1,69.91,0,4.8,0,0,0,0,0,0,0,0,29.77,0,0,0,0,0,0,0,0,0,0,0,0,0,0,0,0,59.11,0,85.44,64.74,20.7,0,0,0,0,0,20.23,0,0,0,10.89,0,0
ICT31983,IC,Yangzhong,1983,2960,154,101.4,20.1,65.5,5.1,6.6,0.3,258.1,54.8,62.6,45.7,0,1,429.8,34.2,6.6,351.7,9.77,144.94,120.01,249.44,17.09,84.52,130.37,16.46,119.08,62.59,64.47,186.93,0,0,9.43,119.99,3.3,6.05,0,0,34.24,11.97,8.82,0,5.91,0,356.88,276.64,33.73,0.97,116.98,0,10.31,0,0,0,11.37,28.81,4.29,6.04,3.18,3.71,0.14,1.72,1.72,0,0,2.12,5.54,0,0,0,0,0,0,0,0,8.1,2.26,1.84,14.76,28.05,5.47,5.47,0,152.75,8.1,73.51,16.8,170.09,14.71,5.82,143.6,9.54,110.36,47.73,0,4.13,0,0,0,0,0,0,0,0,13.7,0,0,0,0,0,0,0,0,0,0,0,0,0,0,0,0,27.58,0,48.81,25.27,23.54,0,0,0,0,0,10.29,0,0,0,5.03,0,0
IDT31983,ID,Jianhu,1983,3167,141,97.9,21.1,25.6,0.4,0.8,0,341.5,5.1,86.3,8.1,0,0,785.6,19.7,0,4,18,200.12,126.28,386.49,14.87,75.39,254.47,14.49,132.01,37.33,140.18,158.95,0,0,10.68,98.27,3.96,8.79,0,0,1.89,11.66,6.44,0,5.28,0,270.35,194.43,19.79,1.06,65.55,0,2.56,0,0,0,9.26,27.58,3.41,7.47,3.84,7.63,7.91,5.51,4.29,0,0,2.48,10.05,0,0,0,0,0,0,0,0,14.26,2.24,5.16,40.84,25.44,17.07,17.07,0.82,121.52,13.44,102.53,49.23,245.16,45.64,18,206.13,17.91,122.15,35.27,0,6.92,0,0,0,0,0,0,0,0,24.42,0,0,0,0,0,0,0,0,0,0,0,0,0,0,0,0,49.1,0,90,61.09,28.92,0,0,0,0,0,20.4,0,0,0,8.39,0,0
IET31983,IE,Qidong,1983,3209,118,74.9,21,12.6,0.5,8.3,0,323.4,48.5,213.4,7.4,0,384.7,227.9,35.8,5.3,269,9.54,86.63,104.68,220.88,9.23,47.84,159.99,8.96,60.9,27.53,65.4,98.6,0,0,6.59,77.5,2.04,7.57,0,0,0,23.56,3.79,0,5.81,0,24.98,86.24,12.77,15.07,150.56,0,1.66,0,0,0,15.22,12.61,3.79,2.86,2.08,4.4,4.77,6.42,4.87,0,0,2.14,5,0,0,0,0,0,0,0,0,7.58,1.35,0.52,9.13,25.77,17.59,17.59,0.63,68.83,6.95,66.5,35.48,151.52,29.84,6.38,131.16,11.59,91.25,15.67,0,5.25,0,0,0,0,0,0,0,0,8.25,0,0,0,0,0,0,0,0,0,0,0,0,0,0,0,0,59.38,0,47.71,34.86,12.86,0,0,0,0,0,12.21,0,0,0,4.62,0,0
IFT31983,IF,Haimen,1983,2249,117,72.8,21.1,83.3,2.9,8.7,0,131.3,12.7,470.3,7.1,0,86.7,250.6,35.4,4.2,99.2,13.74,134.06,97.12,289.99,10.6,55.71,213.98,10.31,76.01,28.45,78.03,117.4,0,0,5.92,84.75,1.54,4.2,0,0,0.29,15.81,4.06,0,4.31,0,43.26,95.69,14.63,5.01,138.05,0,3.35,0,0,0,11.78,26.22,4.95,4.83,4,5.74,9.46,6.02,4.12,0,0,2.04,5.18,0,0,0,0,0,0,0,0,12.63,1.53,0,9.15,11.38,6.44,6.44,1.65,98.47,10.99,54.05,23.33,195.51,20.03,6.21,151.75,9.92,92.48,8.9,0,3.28,0,0,0,0,0,0,0,0,11.54,0,0,0,0,0,0,0,0,0,0,0,0,0,0,0,0,58.12,0,68.67,53.67,15,0,0,0,0,0,25.61,0,0,0,9.05,0,0
IGT31983,IG,Taixing,1983,2965,153,106,20.1,99.6,0.7,14.7,0,269.7,8.4,72.9,8.2,0,65.5,176.6,15.8,0.6,1077,15.74,150.29,134.77,344.83,14.67,76.28,264.77,14.19,80.06,47.87,159.77,169.66,0,0,6.92,82.76,4,8.78,0,0,12.66,15.69,5.44,0,3.66,0,225.66,114.16,16.93,5.69,110.36,0,1.98,0,0,0,9.46,40.7,2.13,3.44,3.13,4.58,3.42,3.04,1.28,0,0,1.91,4.54,0,0,0,0,0,0,0,0,11.4,1.7,2.81,27.87,34.98,7.19,7.19,0.7,79.27,10.71,90.3,45.48,291.19,38.8,17.49,199.38,25.09,181.81,49.66,0,9.66,0,0,0,0,0,0,0,0,22.62,0,0,0,0,0,0,0,0,0,0,0,0,0,0,0,0,53.37,0,78.7,62.51,16.2,0,0,0,0,0,24.06,0,0,0,18.28,0,0
JAT31983,JA,Zongyang,1983,2545,128,81.6,20.6,70,0.6,25.3,0,143.6,2.5,74.1,11,0,0,397.9,99.9,6.1,483.7,16.19,224.46,154.69,383.74,14.21,72.32,278.79,13.41,104.95,80.61,157.91,260.02,0,0,13.23,187.39,2.58,7.41,0,0,24.39,11.55,4.7,0,6.29,0,196.02,133.31,20.52,1.98,49.69,0,1.69,0,0,0,11.06,20.93,6.75,4.66,3.46,3.42,6.88,8.63,7.37,0,0,2.42,3.23,0,0,0,0,0,0,0,0,7.44,1.95,2.88,26.01,32.55,17.45,17.45,0.39,106.62,7.05,88.32,48.24,254.65,44.52,10.67,220.58,33.23,99.24,37.18,0,7.34,0,0,0,0,0,0,0,0,26.38,0,0,0,0,0,0,0,0,0,0,0,0,0,0,0,0,38.1,0,80.92,62.22,18.71,0,0,0,0,0,17.16,0,0,0,7.34,0,0
JBT31983,JB,Qianshan,1983,2546,124,78.4,21.1,7.3,2.1,6.9,0.5,148,1.1,132,25.9,0,0,535.9,114.9,3,221,33.31,214.88,223.28,664.82,17.95,82.35,535.49,16.91,129.33,103.88,343.55,310.21,0,0,15.41,205.21,7.99,8.21,0,0,7.66,13.89,3.6,0,8.91,0,93.05,96.6,27.49,1.79,41.08,0,6.18,0,0,0,12.7,41.2,3.87,4.27,3.09,3,20.39,9.18,5.05,0,0,0.84,2.81,0,0,0,0,0,0,0,0,16.18,2.88,4.5,41.98,37.16,19.16,19.16,1.97,178.54,14.21,109.28,87.76,525.84,80.73,27.07,465.66,41.59,135.46,47.8,0,16.02,0,0,0,0,0,0,0,0,52.85,0,0,0,0,0,0,0,0,0,0,0,0,0,0,0,0,119.15,0,166.55,141.55,24.99,0,0,0,0,0,64.88,0,0,0,45.43,0,0
KBT31983,KB,Daishan,1983,2987,137,86.1,20.9,6.9,5.1,111,0,186.2,19.9,31.4,16.2,0,0.9,341.8,12.7,4.1,894.4,8.34,69.85,114.98,204.71,14.71,74.72,137.89,13.96,66.82,75.34,35.2,128.03,0,0,2.38,80.08,0.88,3.12,0,0,0,18.2,5.64,0,7.37,0,61.99,216.7,18.64,2.07,141.94,0,0.55,0,0,0,9.11,47.7,2.18,8.24,3.17,6.53,1.97,16.77,15,0,0,0,1.17,0,0,0,0,0,0,0,0,7.38,1.91,0.86,2.49,27.58,20.85,20.85,1.11,132.22,6.27,58.96,19.3,299.67,17.11,22.99,261.08,11.75,129.43,20.41,0,7.74,0,0,0,0,0,0,0,0,41.77,0,0,0,0,0,0,0,0,0,0,0,0,0,0,0,0,33.29,0,41.67,31.24,10.43,0,0,0,0,0,15.74,0,0,0,1.61,0,0
KCT31983,KC,Jiashan,1983,2580,155,106.2,19.9,8.2,7.9,13.9,0,25.7,12,285.5,42.2,0,0,508.1,20.1,0.4,6.5,4.07,62.87,133.97,152.61,14.39,70.12,89.63,13.81,62.98,58.38,29,344.88,0,0,3.94,128.86,0.57,3.43,0,0,155.94,18.53,4.71,0,6.79,0,66.24,101.28,75.53,2.99,105.46,0,4.87,0,0,0,9.48,6.75,7.17,4.58,2.8,5.44,1.24,9.42,8.83,0,0,0.81,1.41,0,0,0,0,0,0,0,0,8.97,1.48,1.33,6.56,9.4,23.07,23.07,0.53,102.2,8.46,45.14,12.95,306.99,11.56,18.18,257.27,3.3,56.45,15.25,0,3.7,0,0,0,0,0,0,0,0,18.39,0,0,0,0,0,0,0,0,0,0,0,0,0,0,0,0,17.29,0,20.33,11.29,9.04,0,0,0,0,0,4.48,0,0,0,0.06,0,0
LAT31983,LA,Zhangpu,1983,2560,143,99.2,19.9,1.2,1.3,31.5,3.4,146.4,18.4,126.5,12.1,0,0,470.9,27.9,11,227.7,12.05,141.58,170.11,309.84,17.25,82.27,257.39,16.64,52.44,61.53,143.49,414.97,0,0,12.5,293.94,5.65,12.31,0,0,0,17.66,4.17,0,17.32,0,171.91,63.88,12.02,6.52,93.23,0,1.19,0,0,0,9.61,25.55,1.52,1.18,3.38,1,3.63,13.51,6.28,0,0,1.43,2.27,0,0,0,0,0,0,0,0,8.84,2.71,2.1,17.42,33.02,19.99,19.99,1.53,198.76,7.31,71.56,48.47,264.95,47.22,25.36,213.84,29.79,171.86,80.46,0,4.95,0,0,0,0,0,0,0,0,58.3,0,0,0,0,0,0,0,0,0,0,0,0,0,0,0,0,29.98,0,60.27,55.61,4.66,0,0,0,0,0,19.43,0,0,0,11.22,0,0
LBT31983,LB,Nanan,1983,3578,141,96.1,20.3,7.6,0.9,11,0,38.9,1.4,103.9,26.7,0,0,385.8,30.7,0.5,560.9,5.97,111.13,136.84,195.26,15.64,71.02,140.77,14.9,54.5,74.75,61.96,255.59,0,0,5.23,214.89,2.4,6.34,0,0,0.69,13.58,5.09,0,13.65,0,241.42,79.44,20.14,3.95,84.63,0,0.4,0,0,0,9.26,12.36,2.02,2.09,3.37,3.39,4.43,7.22,3.66,0,0,0.43,0.78,0,0,0,0,0,0,0,0,10.63,3.7,3.26,13.87,36.74,20.52,20.52,0.77,289.74,9.86,79.95,22.71,142.84,21.86,5.65,127.09,11.94,111.49,38.68,0,3.13,0,0,0,0,0,0,0,0,24.49,0,0,0,0,0,0,0,0,0,0,0,0,0,0,0,0,24.82,0,29.86,26.25,3.62,0,0,0,0,0,7.8,0,0,0,1.1,0,0
LCT31983,LC,Changle,1983,2537,143,93.8,21.2,7.2,5.7,119,2.6,46.2,1.9,136.4,33,0,0,425.2,0.9,27,112.3,4.56,74.77,138.3,165.48,14.22,54.76,119.25,13.3,46.23,92.88,38.25,171.34,0,0,5.16,135.92,2.15,1.71,0,0,2.82,12.66,6.37,0,12.86,0,118.2,312.72,22.71,4.74,103.95,0,1.49,0,0,0,12.15,16.61,3.6,2.6,2.68,4.36,0.17,15.64,9.38,0,0,1.54,2.77,0,0,0,0,0,0,0,0,9.28,1.28,3.14,11.4,25.87,4.26,4.26,0.64,76.28,8.65,51.25,17.29,135.51,14.58,16.57,109.2,11.99,101.7,31.54,0,11.48,0,0,0,0,0,0,0,0,15.71,0,0,0,0,0,0,0,0,0,0,0,0,0,0,0,0,12.49,0,22.78,20.71,2.06,0,0,0,0,0,5,0,0,0,0.92,0,0
LDT31983,LD,Huian,1983,1814,162,117,21.3,9.9,0.8,45.3,0,10.2,1.4,26.5,5.5,0,0,387.6,2,2.3,35.3,6.93,95.41,184.93,231.93,15.15,62.64,157.06,14.07,74.87,108.06,51.73,258.07,0,0,6.88,218.72,3.06,5.83,0,0,0,23.11,5.05,0,13.63,0,236.14,62.08,18.19,9.64,100.88,0,3.08,0,0,0,13.64,14.17,4.01,4.58,3.36,2.5,13.05,4.45,2.68,0,0,0.6,1.28,0,0,0,0,0,0,0,0,7.05,2.26,1.91,17.94,39.18,21.65,21.65,0.41,126.31,6.65,99.65,21.26,171.58,20.22,8.83,144.19,16.52,134.17,55.36,0,4.3,0,0,0,0,0,0,0,0,35.81,0,0,0,0,0,0,0,0,0,0,0,0,0,0,0,0,20.4,0,34.65,31.23,3.43,0,0,0,0,0,5.5,0,0,0,0.83,0,0
MBT31983,MB,Lean,1983,2894,117,63.9,19.9,3.5,0.5,1,0,38.2,14.1,426.9,16.2,0,0,568.2,26.6,0.3,173.5,18.66,149.45,164.46,403.22,13.74,93.39,328.9,12.44,74.31,129.44,167.89,284.71,0,0,9.53,217.33,4.08,2.48,0,0,1.4,14.44,1.6,0,9.27,0,7.83,38.25,13.94,1.26,37.2,0,0,0,0,0,13.28,46.45,2.23,2.48,6.71,3.31,13.95,2.78,0,0,0,3.3,2.72,0,0,0,0,0,0,0,0,12.01,2.21,3.18,38.76,25.97,20.35,20.35,1.47,127.04,10.54,94.05,71.2,328.61,64.72,22.52,290.43,39.3,166.8,29.46,0,9.21,0,0,0,0,0,0,0,0,44.22,0,0,0,0,0,0,0,0,0,0,0,0,0,0,0,0,83.89,0,93.29,82.69,10.6,0,0,0,0,0,24.21,0,0,0,12.38,0,0
MCT31983,MC,Nancheng,1983,2853,121,72.3,19.9,16.9,1.6,10.8,216.2,16.5,7.5,243.4,26.3,0.1,1.1,628,89.2,0,97.7,13.84,187.31,137.2,329.55,16.25,75.8,256.81,15.25,72.74,99.55,135.41,285.77,0,0,11.97,228.06,6.5,8.57,0,0,0,12.43,3.09,0,6.5,0,24.82,105.01,23.62,3.07,96.37,0,0.63,0,0,0,7.82,35.13,1.53,4.26,3.11,2.81,10.14,2.39,1.31,0,0,2.98,5.9,0,0,0,0,0,0,0,0,12.92,2.1,6.44,22.07,29.24,6.79,6.79,1.01,124.18,11.9,86.03,57.63,411.44,53.16,9.35,373.6,30.63,211.69,35.92,0,1.07,0,0,0,0,0,0,0,0,29.04,0,0,0,0,0,0,0,0,0,0,0,0,0,0,0,0,44.66,0,69.17,59.13,10.04,0,0,0,0,0,11.65,0,0,0,3.94,0,0
MDT31983,MD,Xiajiang,1983,3015,134,92,20.5,12.4,3,37.3,9.5,44.7,7.9,225.7,35.1,0,0,542.8,7.4,0.6,322,20.67,162.49,169.66,438.7,14.43,83.51,341.7,12.84,97.01,159.19,163.28,268.96,0,0,8.25,191.74,3.75,2.17,0,0,0.88,11.07,1.65,0,10.27,0,5.53,52.22,8.26,0.97,34.13,0,0,0,0,0,19.9,48.7,0.88,3.71,0.88,1.86,14.79,7.18,5.91,0,0,0.34,3.33,0,0,0,0,0,0,0,0,9.52,2.21,2.8,0.95,32.3,27.3,27.3,0,143.92,9.52,76.64,81.4,328.3,75.89,25.57,269.19,30.28,211.28,30.7,0,5.85,0,0,0,0,0,0,0,0,28.92,0,0,0,0,0,0,0,0,0,0,0,0,0,0,0,0,77.72,0,103.37,85.56,17.81,0,0,0,0,0,32.7,0,0,0,7.49,0,0
NAT31983,NA,Linwu,1983,2427,114,83.1,19.8,6.2,0.3,14.1,0,118.4,13.8,318.8,6.1,0,0,500,22.9,0,200.2,21.02,300.71,212.66,507.65,14.56,69.72,422.1,13.41,85.55,114.13,184.84,321.3,0,0,15.18,251.66,11.61,4.95,0,0,0,15.19,1.84,0,20.32,0,5.47,58.38,5.07,3.14,43.56,0,2.93,0,0,0,10.22,17.4,5.48,3.6,2.96,2.38,14.17,5.71,3.32,0,0,1.27,2,0,0,0,0,0,0,0,0,20.45,1.84,10.29,24.98,18.51,8.93,8.93,1.85,123.28,18.6,60.09,67.72,413.67,63.76,18.01,366.4,58.13,162.28,63.33,0,18.52,0,0,0,0,0,0,0,0,35.77,0,0,0,0,0,0,0,0,0,0,0,0,0,0,0,0,56.24,0,105.08,94.59,10.48,0,0,0,0,0,36.61,0,0,0,7,0,0
NBT31983,NB,Mayang,1983,3028,112,69,20.2,5.8,2.8,2.6,2.5,114.7,3.4,250.2,38.9,0,0,652.7,20.6,0,102.2,25.28,245.57,220.09,557.06,14.02,69.94,478.02,13.17,79.04,85.67,270.48,416.3,0,0,26,286.38,6.71,11.93,0,0,0.3,9.53,1.3,0,20.39,0,3.6,33.89,4.98,1.88,26.23,0,2.88,0,0,0,9.93,26.72,0.38,2.1,1.98,0.38,14.3,6.8,2.27,0,0,1.49,1.11,0,0,0,0,0,0,0,0,16.28,1.76,6.32,35.89,22.83,4.91,4.91,1.69,105.19,14.59,70.4,84.31,335.21,80.15,34.84,251.79,47.13,211.5,114.35,0,7.93,0,0,0,0,0,0,0,0,11.59,0,0,0,0,0,0,0,0,0,0,0,0,0,0,0,0,63.71,0,126.4,116.61,9.79,0,0,0,0,0,39.66,0,0,0,14.58,0,0
NCT31983,NC,Qiyang,1983,2676,107,72.9,20.2,1.3,2.1,12.7,3.5,123.2,21,113.5,26.8,0,0.2,584.4,18.4,1.8,147.4,21.89,217.6,238.05,510.82,14.82,71.13,409.79,13.72,101.04,109.53,219.72,279.78,0,0,19.54,177.1,5.65,11.46,0,0,0.55,10.1,1.9,0,14.68,0,10.56,56.3,11.78,1.31,32.47,0,1.27,0,0,0,11.66,45.8,3.69,4.97,3.19,2.41,7.44,9.87,4.26,0,0,2.23,4.06,0,0,0,0,0,0,0,0,12.55,2.37,5.89,29.02,32.23,4.87,4.87,1.12,158.58,11.43,77.73,62.75,410.79,49,15.28,370.45,57.76,187.56,75.68,0,7.97,0,0,0,0,0,0,0,0,18.88,0,0,0,0,0,0,0,0,0,0,0,0,0,0,0,0,59.89,0,109.42,96.39,13.03,0,0,0,0,0,38.29,0,0,0,19.19,0,0
NDT31983,ND,Yuanjiang,1983,2403,136,89.1,20.6,3.5,5.6,17.2,0,100.4,1.4,144.7,64.4,0,0,462.1,1.5,1.2,78.3,28.91,295.25,355.94,700.65,20.98,119.73,474.68,19.55,225.97,142.44,261.02,528.65,0,0,19.35,318.34,6.36,13.71,0,0,76.74,18.93,3.18,0,15.64,0,21.36,39.53,30.95,3.42,57.51,0,3.53,0,0,0,22.2,119.09,6.06,9.45,4.29,4.5,6.94,6,4.03,0,0,5.52,7.81,0,0,0,0,0,0,0,0,16.13,4.37,3.73,69.8,81.45,26.6,26.6,2.62,237.82,13.51,199.18,91.28,389.6,83.69,36.2,315.16,44.57,171.69,69.34,0,19.98,0,0,0,0,0,0,0,0,39.01,0,0,0,0,0,0,0,0,0,0,0,0,0,0,0,0,44.17,0,144.52,108.76,35.76,0,0,0,0,0,38.02,0,0,0,14.49,0,0
OAT31983,OA,Zaoyang,1983,3492,138,98,20.1,174.2,5.2,8.9,31.2,76.8,14.1,386.4,10.4,0,64.9,456.6,15.1,2.6,367.5,13.73,116.05,149.43,314.76,12.41,67.38,0,0,0,0,0,0,0,0,0,0,0,0,0,0,0,7.24,1.93,0,3.83,0,69.67,51.89,8.44,0.79,19.01,0,0,0,0,0,7.67,26.54,0,0,2.85,3.07,0,0,0,0,0,0,0,0,0,0,0,0,0,0,0,0,0,0,0,0,0,0,0,0,0,0,0,0,0,0,0,0,0,0,0,0,0,0,0,0,0,0,0,0,0,0,0,0,0,0,0,0,0,0,0,0,0,0,0,0,0,33.72,0,68.67,0,0,0,0,0,0,0,0,0,0,0,0,0,0
OBT31983,OB,Echeng,1983,2818,131,84.4,20.7,33.6,4,38.5,0.6,185.2,30.3,191.7,30.4,0,0,553.9,33.4,2.4,84.7,9.36,133.19,158.32,262.17,15.22,73.63,0,0,0,0,0,0,0,0,0,0,0,0,0,0,0,12.11,3.38,0,4.61,0,106.02,105.53,17.55,1.51,45.27,0,0,0,0,0,14.3,33.54,0,0,3.6,3.42,0,0,0,0,0,0,0,0,0,0,0,0,0,0,0,0,0,0,0,0,0,0,0,0,0,0,0,0,0,0,0,0,0,0,0,0,0,0,0,0,0,0,0,0,0,0,0,0,0,0,0,0,0,0,0,0,0,0,0,0,0,28.59,0,46.78,0,0,0,0,0,0,0,0,0,0,0,0,0,0
PAT31983,PA,Cangwu,1983,2340,127,83.9,19.3,6.8,0,11.2,13.6,115.2,9,120.6,32,0,0,494.8,41.2,0.5,77.3,10.3,144.96,157.82,278.83,11.63,89.06,0,0,0,0,0,0,0,0,0,0,0,0,0,0,0,10.53,1.27,0,32.99,0,16.52,14.47,4.38,2.79,24.7,0,0,0,0,0,5.07,23.12,0,0,1.09,0.59,0,0,0,0,0,0,0,0,0,0,0,0,0,0,0,0,0,0,0,0,0,0,0,0,0,0,0,0,0,0,0,0,0,0,0,0,0,0,0,0,0,0,0,0,0,0,0,0,0,0,0,0,0,0,0,0,0,0,0,0,0,0,0,51.53,0,0,0,0,0,0,0,0,0,0,0,0,0,0
PCT31983,PC,Chongzuo,1983,2095,127,84.5,19.1,11.4,0.5,6.7,56.9,143.6,57.1,10.7,75.1,0,45,280.1,10.3,2.1,0,9.17,130.88,193.36,278.89,10.95,69.34,0,0,0,0,0,0,0,0,0,0,0,0,0,0,0,31.26,1.35,0,13.71,0,5.08,17.24,4.83,25.63,86.14,0,0,0,0,0,1.66,4.93,0,0,0.41,1.09,0,0,0,0,0,0,0,0,0,0,0,0,0,0,0,0,0,0,0,0,0,0,0,0,0,0,0,0,0,0,0,0,0,0,0,0,0,0,0,0,0,0,0,0,0,0,0,0,0,0,0,0,0,0,0,0,0,0,0,0,0,0,0,45.85,0,0,0,0,0,0,0,0,0,0,0,0,0,0
PDT31983,PD,Fusui,1983,2098,128,86.7,19.7,4.2,0.5,15.7,9.6,51.4,16.3,100.3,17,0,29.3,426.4,0.2,0.2,15.3,6.41,93.27,169.73,215.17,9.09,58.48,0,0,0,0,0,0,0,0,0,0,0,0,0,0,0,42.02,2.17,0,18.89,0,4.46,26.05,4.57,37.33,138.74,0,0,0,0,0,3.42,7.43,0,0,0.14,1.2,0,0,0,0,0,0,0,0,0,0,0,0,0,0,0,0,0,0,0,0,0,0,0,0,0,0,0,0,0,0,0,0,0,0,0,0,0,0,0,0,0,0,0,0,0,0,0,0,0,0,0,0,0,0,0,0,0,0,0,0,0,0,0,32.04,0,0,0,0,0,0,0,0,0,0,0,0,0,0
PET31983,PE,Rongxian,1983,2105,136,87.8,18.6,7.5,1.6,1.4,4.3,219.7,13.7,131.4,37.7,0,0,452.8,10,0.2,66,8.87,129.99,139.82,243.74,10.09,48.02,0,0,0,0,0,0,0,0,0,0,0,0,0,0,0,6.33,0.87,0,8.88,0,18.07,11.95,4.46,2.81,27.63,0,0,0,0,0,7.28,7.14,0,0,0.78,0.27,0,0,0,0,0,0,0,0,0,0,0,0,0,0,0,0,0,0,0,0,0,0,0,0,0,0,0,0,0,0,0,0,0,0,0,0,0,0,0,0,0,0,0,0,0,0,0,0,0,0,0,0,0,0,0,0,0,0,0,0,0,0,0,44.34,0,0,0,0,0,0,0,0,0,0,0,0,0,0
QAT31983,QA,Qingzhen,1983,2393,102,58.6,20.3,10,0,0,0,114.4,23.9,259,6.5,0,39.3,520.2,2.9,0.2,3.5,26.03,267.27,218.88,573.29,12.33,63.43,500.32,11.13,72.96,119.97,293.77,174.38,0,0,16.51,87.08,1.82,4.05,0,0,0,10.9,1.09,0,10.37,0,5.9,35.14,10.82,1.21,13.73,0,0.85,0,0,0,5.06,12.05,6.99,0.77,1.09,1.06,5.37,0.69,0,0,0,4.23,5.13,0,0,0,0,0,0,0,0,16.03,1.86,10.48,102.56,19.9,4.68,4.68,0.99,56.01,15.04,129.99,117.02,382.34,107.97,42.16,307.82,80.42,154.29,28.98,0,33.75,0,0,0,0,0,0,0,0,50.5,0,0,0,0,0,0,0,0,0,0,0,0,0,0,0,0,50.18,0,130.15,124.56,5.58,0,0,0,0,0,35.84,0,0,0,27.82,0,0
QBT31983,QB,Yinjiang,1983,2543,120,81.2,20.4,22.4,4.2,0,0,56.3,3.3,164.1,10.5,0,1.1,407.6,47.8,0,556.9,38.77,346.51,290.13,818.75,14.13,49.67,757.93,13.27,60.81,85.39,451.96,387.75,0,0,36.42,254.4,7.23,9.41,0,0,0,6.63,1.01,0,7.43,0,8.73,29.35,6.45,1.2,12.5,0,0,0,0,0,4.01,38.25,0.69,1.55,1.24,0.69,2.66,3.35,2.23,0,0,3.48,4.19,0,0,0,0,0,0,0,0,14.21,1,9.63,33.31,16.32,9.18,9.18,0.68,40.23,13.53,60.16,189.5,506.5,171.41,52.2,426.81,109.7,120.82,37.07,0,23.3,0,0,0,0,0,0,0,0,28.55,0,0,0,0,0,0,0,0,0,0,0,0,0,0,0,0,76.93,0,193.89,186.03,7.86,0,0,0,0,0,35.09,0,0,0,16.78,0,0
QCT31983,QC,Huishui,1983,2619,120,73.5,20.9,15.1,2.5,1.7,0.6,45.2,16.5,188.1,44.6,0,0,479.9,21.6,0,180.4,32.87,405.14,180.49,688.37,9.57,40.38,641.48,9.02,46.89,55.26,416.19,226.46,0,0,14.95,85.03,4.5,4.78,0,0,0,3.78,0.36,0,2.92,0,1.43,4.5,3.06,0.77,4.95,0,1.63,0,0,0,10.19,5.06,0.48,2.51,0.91,0.29,15.2,2.8,0.58,0,0,4.67,6.49,0,0,0,0,0,0,0,0,12.93,1.15,9.83,49.66,18.6,2.96,2.96,0.24,40.01,12.68,75.17,193.37,311.06,187.99,79.26,204.14,103.53,135,21.3,0,24.9,0,0,0,0,0,0,0,0,45.38,0,0,0,0,0,0,0,0,0,0,0,0,0,0,0,0,28.08,0,164.32,159.61,4.71,0,0,0,0,0,17.26,0,0,0,10.97,0,0
SAT31983,SA,Wenjiang,1983,3041,117,71.9,20.5,18.6,5.9,0,0.8,79.6,35.3,316,62.4,0,0,579.8,37.3,4.4,117.3,21.86,125.72,175.32,448.4,12.13,54.78,310.5,11.48,137.91,65.33,181.5,182.03,0,0,14.03,92.7,1.96,9.93,0,0,0,6.23,1.56,0,11.5,0,16.43,47.39,9.64,0.79,28.03,0,0,0,0,0,9.78,11.58,1.37,2.27,3.08,3.04,14.27,4.08,4.08,0,0,0.61,0.51,0,0,0,0,0,0,0,0,10.72,1.54,5.5,31.54,6.88,0.98,0.98,0.34,113.33,10.38,40.91,72.08,516.47,61.19,11.99,488.38,35.72,113.69,35.97,0,5.99,0,0,0,0,0,0,0,0,5.93,0,0,0,0,0,0,0,0,0,0,0,0,0,0,0,0,83.93,0,109.31,73.31,36,0,0,0,0,0,21.07,0,0,0,9.53,0,0
SBT31983,SB,Cangxi,1983,3105,94,60.9,21,72.8,0,2.1,0.8,14,0.3,84.4,3.7,0,96.8,294.1,313.8,0.4,905.2,20.07,202.92,187.03,451.58,17.77,74.87,353.44,16.8,98.14,96.12,228.39,160.35,0,0,16.19,83.63,3.26,7.98,0,0,0,8.21,5.71,0,7.87,0,275.75,127.2,17.14,1.67,31.6,0,4.04,0,0,0,7,113.12,3.38,7.49,2.04,1.42,3.14,5.42,2.23,0,0,3.6,3.56,0,0,0,0,0,0,0,0,24.28,2.05,12.35,20.21,18.78,6.94,6.94,2.09,132.65,22.18,72,83.03,519.5,80.84,34.7,467.57,27.74,162.97,73.55,0,18.32,0,0,0,0,0,0,0,0,35.83,0,0,0,0,0,0,0,0,0,0,0,0,0,0,0,0,70.58,0,100.36,83.97,16.39,0,0,0,0,0,34.12,0,0,0,25.49,0,0
SCT31983,SC,Quxian,1983,2693,103,66.8,20.4,138,0,0,0,83.8,6.2,179.6,18.5,0,23.5,299.3,42.2,1.7,597.4,22.01,190.88,247.96,510.66,20.17,81.4,394.78,19.3,115.88,86.66,255.12,273.74,0,0,34.19,151.46,7.52,16.69,0,0,0,7.21,3.35,0,5.61,0,142.91,80.47,18.21,0.81,32.84,0,3.27,0,0,0,8.77,18.52,4.31,3.33,2.35,1.25,4.68,5.68,2.92,0,0,3.66,2.75,0,0,0,0,0,0,0,0,16.93,2.68,11.91,27.84,23.49,15.89,15.89,0.07,191.09,16.86,76.05,84.81,792.82,76.73,43.32,722.44,39.08,200.46,111.46,0,26.51,0,0,0,0,0,0,0,0,50.19,0,0,0,0,0,0,0,0,0,0,0,0,0,0,0,0,94.97,0,110.06,87.56,22.49,0,0,0,0,0,29.61,0,0,0,18.98,0,0
TAT31983,TA,Shanyang,1983,2833,151,103.7,21.5,219.6,0,0,5.5,36.3,9.7,395.7,6.9,0,246.2,92.5,0.8,0,491.9,32.28,237.72,298.51,699.63,17.18,74.84,593.05,15.74,106.59,144.32,356.82,255.83,0,0,21.89,91.02,7.97,18.36,0,0,0,9.73,3.85,0,6.88,0,136.56,95.09,28.79,0.45,27.18,0,1.7,0,0,0,10.37,88.68,5.68,1.8,1.43,1.52,11.08,5.68,2.78,0,0,3,2.72,0,0,0,0,0,0,0,0,16.18,2.02,7.84,28.28,40.8,19.52,19.52,2.58,105.41,13.6,96.58,143.56,516.97,133.95,94.67,382.1,84.39,196.94,74.28,0,36.02,0,0,0,0,0,0,0,0,45.6,0,0,0,0,0,0,0,0,0,0,0,0,0,0,0,0,98.31,0,161.4,148,13.39,0,0,0,0,0,50.29,0,0,0,33.68,0,0
TCT31983,TC,Jiaxian,1983,2202,109,60.5,21.1,104.8,0.6,0,252.5,164.1,58.1,180.7,12.5,0.1,243.6,1.4,2.6,1.1,355.6,20.62,138.56,205.56,451.64,18.52,107.92,390.47,17.41,61.17,111.28,226.54,266.99,0,0,17,74.67,4.91,20.76,0,0,0,7.76,3.6,0,0.66,0,80.56,162.81,12.8,0.28,24.31,0,7.97,0,0,0,5.24,56.39,0.59,5.43,0.45,0,6.43,5.71,3.74,0,0,2.55,3.32,0,0,0,0,0,0,0,0,18.84,2.07,12.22,62.86,34.52,17.37,17.37,0.93,87.02,17.91,120.05,104.62,522.13,95.7,67.73,407.31,25.64,295.88,122.67,0,50.44,0,0,0,0,0,0,0,0,56.17,0,0,0,0,0,0,0,0,0,0,0,0,0,0,0,0,90.16,0,103.11,96.69,6.42,0,0,0,0,0,35.97,0,0,0,18.53,0,0
TDT31983,TD,Longxian,1983,2707,132,88.3,21.3,628.6,0,0,5.4,32.4,2.4,186.1,6.1,0,75.1,0,0,0,32.7,15.71,91,134.65,327.3,14.67,44.95,301.81,13.97,25.48,69.5,206.16,165.87,0,0,13.93,77.93,0.36,12.58,0,0,0,6.74,2.21,0,2.79,0,64.38,41.56,5.38,0.41,40.09,0,0,0,0,0,6.42,56.61,2.14,0,1.46,2.91,3.85,14.96,6.42,0,0,2.38,22.26,0,0,0,0,0,0,0,0,24.56,5.17,10.03,37.89,89.89,78.34,78.34,1.68,298.59,22.89,218.56,108.58,189.53,108.58,21.2,154.8,27.25,158.74,39.92,0,15.39,0,0,0,0,0,0,0,0,37.43,0,0,0,0,0,0,0,0,0,0,0,0,0,0,0,0,12.76,0,78.53,76.49,2.03,0,0,0,0,0,5.79,0,0,0,3.53,0,0
UAT31983,UA,Sihui,1983,2864,125,81.9,19.9,8.4,5.3,70.6,4.6,310,7.7,82.4,44.9,0,0,574.7,9.5,6.8,105.3,0,0,0,154.36,8.48,49.97,0,0,0,0,0,0,0,0,0,0,0,0,0,0,0,7.07,1.63,0,53.16,0,13.24,20.53,8.88,0.96,26.45,0,0,0,0,0,4.9,11.45,0,0,2.47,1.7,0,0,0,0,0,0,0,0,0,0,0,0,0,0,0,0,0,0,0,0,0,0,0,0,0,0,0,0,0,0,0,0,0,0,0,0,0,0,0,0,0,0,0,0,0,0,0,0,0,0,0,0,0,0,0,0,0,0,0,0,0,3.03,0,0,0,0,0,0,0,0,0,0,0,0,0,0,0,0
UBT31983,UB,Panyu,1983,2635,123,77.2,19.4,0,7,69.7,1.2,93.1,3.9,284.8,36.9,0.1,0,528.7,24.1,12.3,21.2,0,0,0,157.31,9.35,62.21,0,0,0,0,0,0,0,0,0,0,0,0,0,0,0,7.74,1.86,0,40.88,0,5.24,26.23,8.13,0.76,38.13,0,0,0,0,0,16.96,28.13,0,0,3.13,3.08,0,0,0,0,0,0,0,0,0,0,0,0,0,0,0,0,0,0,0,0,0,0,0,0,0,0,0,0,0,0,0,0,0,0,0,0,0,0,0,0,0,0,0,0,0,0,0,0,0,0,0,0,0,0,0,0,0,0,0,0,0,3.11,0,0,0,0,0,0,0,0,0,0,0,0,0,0,0,0
UCT31983,UC,Zhongshan,1983,2611,135,92.7,19.7,14.7,7.6,103,45.5,49.3,3.1,98.7,37.5,0,0.2,480.9,49,10.8,132.6,0,0,0,166.62,9.4,52.33,0,0,0,0,0,0,0,0,0,0,0,0,0,0,0,8.38,1.69,0,34.5,0,6.18,19.59,12.41,0.55,44.23,0,0,0,0,0,17.48,20.33,0,0,2.89,4.58,0,0,0,0,0,0,0,0,0,0,0,0,0,0,0,0,0,0,0,0,0,0,0,0,0,0,0,0,0,0,0,0,0,0,0,0,0,0,0,0,0,0,0,0,0,0,0,0,0,0,0,0,0,0,0,0,0,0,0,0,0,3.44,0,0,0,0,0,0,0,0,0,0,0,0,0,0,0,0
UDT31983,UD,Wuchuan,1983,1816,129,83.7,18.8,0,1.9,27.4,1.3,27.9,8.2,87.7,29.2,0,0,418.9,19.9,0,0,0,0,0,128.98,6.26,30.76,0,0,0,0,0,0,0,0,0,0,0,0,0,0,0,5.03,0.93,0,14.45,0,8.52,9.96,4.25,1.23,32.63,0,0,0,0,0,3.65,9.99,0,0,2.24,0.83,0,0,0,0,0,0,0,0,0,0,0,0,0,0,0,0,0,0,0,0,0,0,0,0,0,0,0,0,0,0,0,0,0,0,0,0,0,0,0,0,0,0,0,0,0,0,0,0,0,0,0,0,0,0,0,0,0,0,0,0,0,2.42,0,0,0,0,0,0,0,0,0,0,0,0,0,0,0,0
UET31983,UE,Shunde,1983,2138,139,91.7,20.6,5,0.9,90.8,22.6,2.1,1.6,256,56.1,0,0,398.8,5.2,1.2,9.9,0,0,0,160.84,10.75,58.78,0,0,0,0,0,0,0,0,0,0,0,0,0,0,0,9.12,2.37,0,34.29,0,15.9,22.14,10.86,0.76,89.17,0,0,0,0,0,14.88,24.66,0,0,3.54,3.19,0,0,0,0,0,0,0,0,0,0,0,0,0,0,0,0,0,0,0,0,0,0,0,0,0,0,0,0,0,0,0,0,0,0,0,0,0,0,0,0,0,0,0,0,0,0,0,0,0,0,0,0,0,0,0,0,0,0,0,0,0,3.39,0,0,0,0,0,0,0,0,0,0,0,0,0,0,0,0
UFT31983,UF,Wuhua,1983,2108,124,79.4,19.1,1.3,0.3,6.3,7.6,32.3,10.1,616.7,14.4,0,0,410.6,18.4,0,0.4,0,0,0,173.61,7.88,39.34,0,0,0,0,0,0,0,0,0,0,0,0,0,0,0,5.68,1.27,0,5.61,0,55.72,10.43,5.5,1.83,27.74,0,0,0,0,0,3.78,15.87,0,0,1.4,2.74,0,0,0,0,0,0,0,0,0,0,0,0,0,0,0,0,0,0,0,0,0,0,0,0,0,0,0,0,0,0,0,0,0,0,0,0,0,0,0,0,0,0,0,0,0,0,0,0,0,0,0,0,0,0,0,0,0,0,0,0,0,3.75,0,0,0,0,0,0,0,0,0,0,0,0,0,0,0,0
VAT31983,VA,Tianzhu,1983,2144,111,67.3,22,381.2,3.2,0,15.1,56.2,12.2,111.7,15.7,0,123.9,5.2,0,0.9,71.4,0,0,0,309.55,13.63,88.64,0,0,0,0,0,0,0,0,0,0,0,0,0,0,0,3.02,3.8,0,0,0,51.52,250.15,7.53,0,25.66,0,0,0,0,0,0,42.17,0,0,0,0,0,0,0,0,0,0,0,0,0,0,0,0,0,0,0,0,0,0,0,0,0,0,0,0,0,0,0,0,0,0,0,0,0,0,0,0,0,0,0,0,0,0,0,0,0,0,0,0,0,0,0,0,0,0,0,0,0,0,0,0,0,6.82,0,0,0,0,0,0,0,0,0,0,0,0,0,0,0,0
VBT31983,VB,Dunhuang,1983,2490,119,81.9,22.1,555.9,1.9,0,344,61.3,4.8,399.9,40.9,0.9,29,6.5,0,0,0,0,0,0,129.46,12.61,76.96,0,0,0,0,0,0,0,0,0,0,0,0,0,0,0,3.81,2.98,0,0,0,48.03,162.59,9.91,0,16.74,0,0,0,0,0,11.56,54.67,0,0,1.04,0.74,0,0,0,0,0,0,0,0,0,0,0,0,0,0,0,0,0,0,0,0,0,0,0,0,0,0,0,0,0,0,0,0,0,0,0,0,0,0,0,0,0,0,0,0,0,0,0,0,0,0,0,0,0,0,0,0,0,0,0,0,0,2.46,0,0,0,0,0,0,0,0,0,0,0,0,0,0,0,0
VCT31983,VC,Wudu,1983,2470,123,76.7,19.9,242.5,0,0,0,33.8,10.3,164.8,14.1,0,195.6,100.9,11.1,0,476.8,0,0,0,492.25,13.56,57.58,0,0,0,0,0,0,0,0,0,0,0,0,0,0,0,3.45,2.25,0,0.64,0,31.27,98.79,4.24,0,17.74,0,0,0,0,0,19.81,76.63,0,0,0,0.45,0,0,0,0,0,0,0,0,0,0,0,0,0,0,0,0,0,0,0,0,0,0,0,0,0,0,0,0,0,0,0,0,0,0,0,0,0,0,0,0,0,0,0,0,0,0,0,0,0,0,0,0,0,0,0,0,0,0,0,0,0,10.04,0,0,0,0,0,0,0,0,0,0,0,0,0,0,0,0
YAT31983,YA,Xianghuangqi,1983,2217,129,88.7,21.9,344.1,14.8,0,28.1,1.1,0,14.8,42.3,147,33.8,66.2,7.9,5.5,2.1,14.38,96.95,143.26,314.93,17.58,73.47,279.05,16.73,35.89,84.26,157.65,158.86,0,0,9.87,53.19,8.36,21.66,0,0,0,8.48,3.75,0,3.4,0,97.66,110.65,15.41,0.68,45.55,0,3.05,0,0,0,8.03,75.57,3.38,2.79,2.73,3.15,3.58,2.5,1.3,0,0,0.74,1.92,0,0,0,0,0,0,0,0,13.52,3.51,4.55,45.47,47.55,32.2,32.2,2.14,211.24,11.38,139.43,84.08,625.2,79.14,34.01,572.66,16.57,107.78,30.68,0,23.82,0,0,0,0,0,0,0,0,27.75,0,0,0,0,0,0,0,0,0,0,0,0,0,0,0,0,51.73,0,71.88,68.88,3,0,0,0,0,0,21.82,0,0,0,6.08,0,0
AAT31989,AA,Shanghai,1989,2658,159,97,21.7,21.7,18,63.6,4.5,128.7,32.9,199.9,74.8,0.6,0.8,492.4,7.3,8.5,18.4,3.61,71.64,74.88,114.86,11.29,77.29,67.98,10.45,46.88,84.64,10.96,52.61,0,1.22,0.14,12.42,0,0.42,0.87,4,27.2,10.12,4.44,0.72,7.22,7.22,46.49,114.56,26.1,1.78,77.83,13.88,0.64,3.25,0,0,10.13,5.91,5.59,6.79,4.75,9.67,0.15,5.78,5.78,0,0,1.16,3.63,1.02,11.48,2.58,7.74,1.02,1.04,0.97,2.94,2.65,2.06,0,14.5,3.89,26.82,26.82,0.2,157.9,2.45,47.58,5.17,236.15,3.67,4.05,228.61,3.13,50.91,3.72,1.07,0.36,2.52,35.36,4.3,113.19,10.97,18.8,0,0,18.44,0,0,4.1,1.85,0.57,1.48,36.44,63.78,8.58,35.29,18.14,9.2,7.96,19.91,1.6,0.95,8.22,0,18.06,12.96,5.1,1.16,0.24,3.26,0.39,1.24,6.99,2.25,2.02,0.54,0,0,3.09
ABT31989,AB,Qingpu,1989,2711,147,93,22.1,8.9,11.3,83.2,0.3,253.5,41.8,35.7,49,0,0,557.6,33.5,6.6,9.4,3.64,38.16,86.12,112.02,11.82,74.88,73.72,11.04,38.32,77.64,15.2,137,1.16,1.25,0.67,25.53,0,0.66,2.6,24.9,77.42,14.63,4.5,0,4.02,3.73,43.3,112.05,42.21,2.08,102.31,11.78,3.37,1.41,0,0,6.37,9.99,7.58,4.68,4.15,8.69,0.53,8.28,8.28,0,0,1.4,0.71,2.11,5.52,1.9,3.38,0,0.3,1.37,2.67,2.85,2.07,0.99,14.31,6.93,21.12,21.12,0.69,164.02,2.15,42.86,6.03,247.46,4.29,3.51,243.96,1.1,26.21,10.01,1.14,2.1,2.85,27.11,4.93,129.42,6.77,15.41,0,0,15.41,0,0,0.81,1.34,0.41,3.87,27.68,45.34,9.21,16.43,12.43,9.34,10.29,30.79,0.34,1.51,11.61,0,18.17,14.53,3.65,1.29,0.09,3.5,0.6,1.97,7.96,3.81,0.51,1.03,0,0,2.88
ACT31989,AC,Songjiang,1989,2590,149,93.9,21.1,2,7.8,83,0,147.1,48.7,170,51.5,0,0.7,532.7,17.6,6.6,37.5,3.63,48.76,69.8,105.59,10.55,81.2,70.44,9.98,35.16,57.57,12.63,49.67,0.37,0.6,0,16.92,0,0.82,0.74,6.63,13.5,9.91,3.92,0.73,8.29,7.9,47.71,92.98,20.7,1.32,73.52,11,5.71,0,0,0,11.97,9.44,11.36,5.18,3.56,11.15,0.58,6.19,6.19,0,0,0.41,0.39,3,8.35,3.21,6.84,0.81,0.46,1.87,4.99,2.09,1.79,0.58,11.45,5.45,31.65,31.65,0.38,128.56,1.72,50.67,6.21,278.68,4.87,6.36,270.48,3.41,51.38,4.23,1.92,1.94,1.71,26.84,3.03,100.35,19.55,20.56,0,0,20.56,0,0,2.46,2.27,1.23,4.82,27.19,42.35,4.43,13.24,13.56,5.98,7.16,15.22,0.2,0,12.44,0,18.13,14.74,3.39,1.33,0.58,3.79,0.95,1.08,7.58,2.8,1.71,0.86,0,0,2.06
BAT31989,BA,Cixian,1989,2293,149,101.7,21.5,451.9,0,0,0,120.6,7.4,297.4,4.8,0,145,19.4,1.9,1.2,73.6,3.51,72.39,158.5,161.41,16.19,80.86,105.29,15.56,56.13,64.14,42.77,82.64,2.33,8.24,8.67,39.24,1.03,2.58,0,4.34,0,12.34,6.72,2.71,1.06,1.06,363.43,110.26,2.45,1.47,61.92,0.45,1.29,0,0,0,7.7,46.96,0,2.54,3.75,3.67,0.93,10.29,9.7,0,0,1.54,6.36,2.13,13,2.99,3.25,2.31,0,1.39,1.89,7.28,4.82,1.19,8.56,89.65,56.46,56.46,1.43,297.25,5.86,184.47,20.67,233.77,17.98,24.16,208.06,5.68,58.56,19.48,1.12,4.79,2.85,34.54,4.31,96.46,0,6.58,0,0,4.78,0,0,0,0.53,2.27,6.52,45.92,45.48,7.39,8.48,7.67,2.22,9.35,18.05,0.86,0.6,10.74,0,17.55,15.15,2.42,5.25,0.75,1.52,0,1.22,5.03,0.52,2.13,0,0,0,0.52
BBT31989,BB,Jingxing,1989,2031,142,96.1,22.4,377.2,2.8,0,0,8.4,1.1,425.4,2.5,0,147.2,3.7,0.2,0.3,29.9,0,0,124.22,0,13.59,84.08,0,12.69,0,89.74,0,37.11,0,3.25,0,24.71,0,2.42,0,0,0,0,5.17,2.46,0.7,0.3,168.37,129.27,10.87,0,60.09,3.9,2.44,3.58,0,0,11.38,61.89,7.97,3.64,0,5.98,0,20.41,16.44,0,0.65,0,4.48,0,5.79,0,5.58,0,0,0,3.71,0,4.63,0,20.21,15.02,97.4,97.4,0,323.79,0,138.94,0,146.56,0,4.88,138.69,0,41.67,10.22,0.46,1.94,0,27.21,0,87.3,0,15.22,0,0,12.7,0,0,0.59,5.48,0,7.74,0,73.24,0,19.25,0,2.14,0,15.21,0,0.3,8.79,0,0,0,0,0,0,0,0,0,0,0,0,0,0,0,0
BCT31989,BC,Huanghua,1989,2527,158,111.1,21.9,562.8,15.3,7.8,0,13,2.4,143.2,26.4,0,60.1,8,3.5,0,63.5,3.69,69.24,126.9,144.92,9.58,55.65,86.06,8.82,58.85,76.26,28.53,53,1.82,6.12,2.39,31.43,1.53,4.58,0.31,1.29,0,13.1,3,0.45,3.9,3.9,34.62,43.41,11.52,1.77,72.35,8.51,2.16,0,0,0,9.37,12.43,8.64,3.51,5.83,5.77,0.9,6.81,6.81,0.14,0,2.29,1.13,1.35,6.36,2.09,1.24,1.69,0,1.1,0.92,4.58,3.11,1.7,22.26,12.49,87.64,87.64,1.88,186.15,2.71,124.48,18.38,147.98,16.87,5.53,141.4,5.68,41.43,4.54,0,2.3,1.78,34.98,3.54,107.33,0.33,10.81,0,0,10.81,0,0,0,1.41,0.74,4.58,49.23,56.13,17.59,23.17,9.1,4.68,8.79,16.54,0.41,0.35,8.29,0,18.41,16.45,1.96,5.43,1.63,3.46,0.29,2.22,3.86,0.79,0.84,1.24,0,0.05,0.49
CBT31989,CB,Huguan,1989,2675,143,105.3,21.7,188.9,0,0,0,0,0,407.2,0,0,492.3,0,0,0,0,3.75,76.5,185.93,181.66,15.32,76.28,116.23,14.5,65.44,82.13,59.94,68.77,13.07,4.9,6.82,40.38,1.45,11.92,0,1.21,0,12.32,6.5,3.94,1.76,1.76,193.75,287.23,17.69,2.4,52.98,2.15,1.32,6.38,0,0,10.61,39.81,2.96,2.69,4.54,3.07,1,11.28,10.26,0.23,0.59,0.25,0,2.26,9.86,7.37,5.89,3.98,3.49,3.08,2.4,7.69,3.83,3.52,36.28,18.21,55.8,55.8,1.35,264.4,6.33,118.79,28.28,197.18,27.73,9.28,185.55,6.26,101.18,25.92,2.7,15.88,3.19,51.97,5.59,104.94,1.85,22.91,0,0,17.3,0,0,0.73,3.79,0.8,1.98,56.47,66.47,10.13,9.67,10.04,5.46,8.29,15.66,0.68,0,9.21,0,18.75,17.23,1.51,9,2.04,1.1,0,1.02,3.32,0,0.25,0.09,0,0.09,0.59
CCT31989,CC,Jiangxian,1989,2118,149,105,22.2,529.6,7.8,0,22.8,63.3,30.4,126.4,5.2,0.3,45,0,17.4,2.9,141.3,2.03,43.59,153.74,129.19,14.55,102.83,80.42,13.85,48.77,70.74,27.1,55.5,0.71,3.27,6.24,30.09,1.27,6.54,0,0.42,0,12.33,4.08,1.5,0.76,0.76,97.08,140.78,8.04,0.52,51.36,0.48,4.05,6.67,0,0,12.31,57.59,2.9,2.16,4.88,4.92,1.66,6.96,6.96,0,0,0.26,3.21,2.95,7.86,3.23,6.37,1.34,1.24,1.6,3.81,8.44,5.21,3.15,19.61,9.54,111.89,111.89,0.52,367.39,7.92,153.93,16.61,289.96,14.84,10.74,276.4,6.2,76.77,20.8,5.04,5.04,3.66,39.04,4.17,90.39,1.39,14.54,0,0,10.12,0,0,0.94,2.71,0.42,0,34.41,52.23,8.04,10.89,5.75,3.11,10.57,17.98,3.79,0.52,5.38,0,10.11,8.95,1.17,4.35,0.39,2.17,0.23,1.48,0.86,0.15,0.07,0.16,0,0,0.15
CDT31989,CD,Jiexiu,1989,2372,138,98.1,22.1,445.1,0.4,0,0,245.1,13,37.8,7,2.5,65.3,5.2,20.3,1.1,263.7,2.34,46.33,107.63,108.22,10.84,70.94,65.5,10.12,42.71,71.22,14.47,48.88,1.77,2.64,1.79,18.82,1.03,4.25,0,4.15,0,9.51,2.64,0,2.5,1.72,53.91,48.54,9.64,0.69,40.2,4.05,2.56,3.61,0,0,13.12,39.71,4.09,3.75,2.81,5.39,0.91,13.25,11.58,0.14,0,0.69,1.66,2.81,11.27,3.06,6.29,1.45,0.35,2.1,3.08,4.61,3.79,1.7,36.37,20.05,73.52,73.52,0.2,239.69,4.42,139.15,7.1,247.78,5.82,15.7,229.59,3.69,40.95,5.39,4.53,4.17,1.78,25.68,2.46,65.87,1.5,11.83,0,0,9.17,0,0,0.62,1.07,1.32,1.09,36.8,52.12,10.46,12.02,6.19,2.19,4.89,18.28,1.02,0.82,7.82,0,11.71,10.21,1.51,1.94,0.73,2.34,0.72,1.28,3.69,1.34,1.23,0.45,0,0,0.28
DAT31989,DA,Shangshui,1989,2953,144,105.4,21.4,617.8,0,2.1,0.3,15.3,29.6,294.2,12.5,0,61,7.2,0,0,195.6,2.93,54.34,129.53,131.32,10,59.01,79.28,9.27,52.05,73.45,26.02,97.37,1.2,6.61,2.25,68.22,0.77,5.93,0.34,0.41,0,6.46,2.35,0,2.04,1.56,63.55,48.61,9.93,2.35,57.43,1.13,0.76,1.99,0,0,6.54,17.29,3.02,2.15,1.03,1.79,1.56,11.66,4.16,0.15,0.56,0.53,0,0.8,5.71,2.33,3.96,0.65,0,1.24,1.09,8.17,2.6,1.75,9.2,3.07,51.17,51.17,2.53,169.52,5.64,91.24,7.79,212.72,5.67,5.11,203.91,6.46,91.61,13.64,1.75,2.66,4.58,64.26,6.94,121.69,1.51,10.8,0,0,9.47,0,0,0,0,0.46,0,20.84,26.34,4.99,9.32,5.6,3.71,30.39,43.77,0.17,0.45,10.85,0,14.63,13.67,0.96,1.61,0.6,1.51,0.21,0.97,6.4,0.38,0.98,2.76,0.43,0.05,0.27
DBT31989,DB,Linxian,1989,2267,143,104.4,22.2,364.4,2.6,0,0,205.8,8.8,277.7,0.6,0,184.1,21.4,0,0.8,6.8,3.08,65.15,168.42,158.82,13.85,62.99,88.63,13.03,70.2,82.26,30.42,42.05,1.79,2.13,4.8,31.23,0.68,2.79,0,0,0,9.7,5.32,2.02,0.48,0.48,294.56,156.06,6.22,0.6,20.05,2.53,0.72,1.73,0,0,6.66,11.19,0.89,0.45,2.08,3.9,2.59,13.18,11.58,1.16,0.48,1.96,3.72,3.48,9.59,4.71,3.02,1.11,0.3,2.29,2.53,7.2,4.31,1.71,11.5,76.05,38.11,38.11,1.9,281.69,5.29,149.06,22.59,176.89,17.88,4.11,171.8,6,69.35,19.64,1.53,3.58,3.23,34.11,3.83,54.16,1.25,6.33,0,0,5.18,0,0,0,1.09,3,17.71,51.9,46.94,8.78,10.83,10.22,3.82,17.18,33.77,0.97,0.94,9.2,0,15.39,11,4.4,5.5,0.31,1.15,0.18,0.65,1.88,0.43,0.39,0,0,0.12,0.86
DCT31989,DC,Songxian,1989,2493,128,85.3,20.9,453.4,0.6,0,3.7,127.6,6.5,65.7,2.6,0.3,161,0,8,2.9,233.2,4.79,45.33,156.7,170.97,13.81,64.09,118.56,13.1,52.42,70.55,33.96,54.8,1.21,5.2,2.92,23.97,0,0.51,0,0,0,10.39,6.45,4.04,1.06,1.06,287.36,223.83,6.61,1.19,51.27,1.32,2.85,1.41,0,0,3.67,22.69,3.5,2.19,1.59,1.06,2.38,12.51,11.85,0.68,0.67,0,0.67,3.25,10.43,5.82,11.52,1.65,1.95,3.4,5.09,8.93,3.23,2.71,17.18,28.68,63.51,63.51,2.1,204.02,6.83,119.43,16.23,132.24,14.27,9.7,120.07,13.72,98.38,25.68,7.68,1.55,5.42,51.19,6.61,102.47,3.19,10.74,0,0,10.74,0,0,0,2.54,3.7,13.46,20.93,31.53,6.86,8.6,3.09,0,11.7,13.09,1.73,0,16.29,0,23.97,21.65,2.31,4.79,2.77,3.08,0.53,2.02,7.78,0.88,1.92,1.31,2.54,0.11,0.11
EAT31989,EA,Xiuyan,1989,2339,146,95.4,22.4,92,10.7,10.8,37.2,149.5,49.9,197.9,40.3,0,136.4,279.9,55.1,11.3,133.3,5.18,52.15,140.18,168.99,10.11,44.84,115.11,9.38,53.88,72.26,29.78,31.8,0.84,2.96,2.84,14.6,1.31,3.21,0,1.91,0,13.19,3.04,1.51,1.42,1.21,24.54,106.99,12.67,1.19,41.88,6.17,2.02,2.93,0,0,11.12,14.81,8.13,4.17,4.12,4.78,1.96,9.37,7.65,0.96,0,0.43,1.58,2.07,9.21,4.83,6.4,2.88,1.5,3.25,2.31,7.45,2.38,1.75,13.65,2.37,31.18,31.18,3.4,175.29,4.05,63.02,20.55,270.08,16.59,5.11,257.12,5.44,50.92,4.57,1.9,3.04,2.77,35.88,3.96,77.76,4.52,12.67,0,0,10.67,0,0,1.14,0,2.92,5.82,35.35,48.16,7.92,18.48,11.3,9.68,15.63,20.63,2.69,3.47,18.39,0,25.9,23.79,2.1,5.57,0.79,3.94,0.62,2.41,9.56,2.5,2.23,0.97,0,0.29,0.56
FAT31989,FA,Changling,1989,2412,146,98,22.2,84.6,0,0,0,86.3,0,93,0.7,0,477.6,34.8,0,7.2,254.6,5.87,77.55,195.11,217.5,14.36,57.03,147.66,13.52,69.84,83.09,50.66,70.24,2.69,3.73,6.92,31.63,3.93,5.92,0.18,8.21,0,17.02,3.23,1.75,2.16,1.73,12.82,108.13,9.62,2.66,71.41,3.56,1.47,9.86,0,0,8.36,12.49,4.24,3.1,7.37,2.96,0.89,8.62,6.79,0.35,0,2.36,1.32,2.63,5.19,5.29,3.15,6.05,1.13,1.53,0.56,10.47,4.61,4.25,24.3,14.6,43.12,43.12,4.79,360.98,5.67,99.77,24.16,408.34,20.5,17.36,390.25,7.99,67.29,10.18,0.53,1.55,3.85,60.57,6.51,131.98,0.43,16.23,0,0,12.28,0,0,0.93,1.22,1.35,1.41,37.23,46.44,14.35,28.62,6.24,1.49,26.59,33.82,6.04,2.83,18.09,0,29.36,26.46,2.89,6.4,1.38,5.11,1.68,2.12,9.04,3.86,2.68,0.35,0.11,0.06,0.63
GAT31989,GA,Baoqing,1989,2785,157,108.9,23.1,381.4,15.2,19.7,44,98,39.5,247.4,34,0,79.8,99.9,2.9,3.5,200.7,7.38,79.44,237.41,263.71,14.38,52.13,168.19,13.15,95.52,123.5,69.17,59.66,3.77,5.94,8.19,29.71,4.75,5.35,0.36,0.61,0,18.5,3.63,1.67,3.21,3.21,20.11,88.52,7.71,2.73,104.24,5.29,3.17,6.94,0,0,12.1,15.9,5.69,6.89,5.2,5.45,1.76,6.95,6.7,1.04,0,0.17,2.43,4.9,7.72,4.85,5.65,6.79,0.53,2.04,3.08,10.22,4.08,4.63,33.94,6.47,69.59,69.59,3.1,288.74,7.12,118.67,38.41,390.65,35.53,5.62,382.51,2.25,57.48,2.9,0,0.66,1.86,50.73,4.59,154.97,1.23,9.72,0,0,9.72,0,0,1.09,0.43,0.94,5.95,54.64,55.48,18.31,30.14,13.46,3.99,31.93,60.1,7.22,6.11,27.89,0,36.87,33.92,2.95,11.63,0.72,5.05,1.39,2.41,12.29,3.48,3.49,0.87,0,0.36,0.41
HAT31989,HA,Laoshan,1989,2141,172,114.3,22.6,342.7,12.7,34.9,1.5,83.9,23.1,197,16.4,3.5,33.1,55,1.5,1.2,171.9,3.27,78.89,158.52,159.75,11.8,74.9,93,10.52,66.76,128.58,17.78,38.27,3.12,5.8,1.8,22.54,0.2,0,0,1.97,0,14.67,4.35,1.75,2.57,1.76,30.68,114.73,11.94,3.11,124.66,4.86,5.96,1.21,0,0,17.28,14.95,7.19,2.65,3.74,11.28,1.85,12.87,12.3,0.4,0,1.19,1.51,5.3,19.32,3.48,5.24,1.4,0,2,3.22,6.47,2.86,3.51,31.22,14.21,74.81,74.81,1.47,155.25,4.99,130.45,13.52,186.89,8.91,5.46,175.31,4.82,51.97,5.14,0,1.34,1.89,35.69,5,160.35,6.67,11.46,0,0,10.98,0,0,1.2,1.34,1.01,6.28,43.22,47.2,20.06,23.16,8.44,3.86,21.95,79.12,1.44,1.49,10.11,0,16.32,13.78,2.55,2.62,1.27,4.6,0.99,2.83,3.53,0.78,0.92,0.56,0,0.14,0.29
IAT31989,IA,Shuyang,1989,2724,147,103.8,21.1,254.8,0,3.5,0,286,15.9,41.1,2.5,0,123,307.1,0,0,24.2,3.33,47.3,109.34,123.48,9.45,52.06,70.85,8.9,52.63,55.07,21.86,72.94,1.99,6.5,2.73,39.15,0,0.96,1.77,15.63,0,12.89,4.23,0.39,1.97,0.7,131.77,108.66,5.54,3.94,77.41,5.29,1.92,0.2,0,0,9.88,20.83,1.71,7.83,4.71,8.23,1.14,10.27,8.93,0.42,0.92,0.47,1.11,0.84,5.53,4.42,2.87,1.19,0.26,2.41,1.48,6.11,1.73,2.08,14.42,7.29,29.91,29.91,1.24,99.83,4.87,73.44,9.8,129.03,8.03,3.87,120.37,5.98,50.13,14.05,0.66,3.56,4.54,37.86,8.48,115.27,2.25,9.93,0,0,7.49,0,0,1.85,2.92,1.4,10.09,39.96,33.28,6.94,11.23,15.19,3.94,10.01,21.09,1.52,0.27,10.44,0,16.62,10.44,6.19,2.76,0.95,1.34,0.14,0.84,2.27,0.29,1.28,0.24,0.19,0.15,2.01
IBT31989,IB,Huaian,1989,2341,135,97.6,20.9,37.6,2.6,5.8,1.7,195.5,39.3,117.6,21.2,0,102.8,391.2,10.6,3.2,15.5,4.38,62.15,124.08,151.19,16.75,81.11,85.12,16.15,66.07,59.7,27.83,79.92,4.62,4.6,4.22,57.45,1.85,3.28,0.42,9.44,0,14.56,8.98,4.79,5.17,2.39,367.22,251.82,10.62,2.57,135.13,8.48,1.61,3.92,0,0,7.36,8.27,5.97,15.05,3.09,11.19,1.67,8.46,7.53,1.35,0,0.64,0.38,1.15,4.46,3.52,3.38,0.98,0.58,1.97,2.02,9.32,2.81,5.43,18.24,13.75,32.13,32.13,1.48,207.2,7.84,72.92,15.74,276.57,13.5,3.33,273.24,4.01,47.45,13.28,0,1.79,2.86,37.94,5.43,173.07,3.08,9.04,0,0,8.09,0,0,2.43,3.42,3.87,1.89,52.65,29.63,5.14,10.39,32.84,9.02,13.29,29.59,0,0.48,11.59,0,21.89,13.11,8.78,4.29,1.37,1.02,0.05,0.87,2.96,0.28,0.98,0.83,0,0.34,5.66
ICT31989,IC,Yangzhong,1989,2289,146,103.3,22,39.5,5.9,24.8,2.8,52.1,52.6,223.5,36.4,0,0,407.1,28.1,4.7,55,4.24,41.56,103.91,131.74,17.7,86.91,87.54,16.79,44.2,89.81,15.71,83.85,1.49,3.62,1.87,50.05,0.56,1.51,0.39,1.41,19.58,19.99,10.89,2.74,3.21,1.07,307.58,432.22,32.97,1.9,152.72,11.96,3.87,2.36,0,0,19.3,14.11,10.63,11.01,4.33,15.61,2.85,7.61,5.96,1.16,0,0.18,0,2.39,11.34,4.12,6.96,1.15,0,2.4,4.41,4.51,2.9,0.18,14.93,15.69,37.44,37.44,1.33,215.04,3.19,75.67,9.95,125.36,6.76,3.92,121.45,2.67,43.28,12.71,0.82,2.8,0.59,18.51,2.48,171.22,4.89,16.35,0,0,14.53,0,0,0.56,1.58,2.42,6.39,34.63,47.47,3.35,11.13,18.12,10.95,9.57,42.06,0,0.28,13.84,0,21.16,14.41,6.76,2.21,1.1,2.06,0,1.28,6.61,1.87,2.31,1.09,0.45,0.32,3.85
IDT31989,ID,Jianhu,1989,2593,142,99.8,22.2,8.7,4.7,9.3,0,281.4,1.9,16.9,19.4,0,0,599.5,6.7,0,67,6.46,58.4,132.62,184.87,15.8,81.32,103.53,15.14,81.34,65.17,36.77,50.88,5.5,4.5,3.86,28.2,0.71,3.48,0.68,5.05,0,15.06,9.32,5.17,5.67,4.33,280.88,387.24,12.67,2.49,121.02,4.91,5.37,2.92,0,0,13.12,16.75,5.24,8.6,4.17,15.66,1.17,7.18,5.77,0.3,0,0.7,1.7,1.46,9.33,3.47,3.18,0.7,0.67,2.25,1.54,5.46,2.11,2.67,18.33,17.34,15.6,15.6,1.23,156.5,4.25,54.48,23.87,232.53,21.57,4.84,226.17,4.36,50.21,10.01,0.93,0.47,2.8,37.26,5.28,158.28,3.5,10.8,0,0,10.13,0,0,1.56,4.43,2.36,1.95,63.52,27.12,4.69,5.97,43.51,10.34,16.78,37.77,1.05,0.28,17.17,0,32.34,19.7,12.64,6.91,1.54,1.84,0.15,1.21,7.33,0.52,4.57,1.63,0.05,0.05,9.06
IET31989,IE,Qidong,1989,2198,150,97.5,22.1,14.7,7,32.4,1.5,184.8,19.7,280.3,14,0,82.1,354.6,19.7,9.7,133.1,5.88,52.55,136.81,177.16,11.34,65.37,114.33,10.72,62.84,61.94,33.27,67.11,2.02,0.77,3.71,57.91,0.42,1.49,0.38,0.34,0,25.91,4.49,0.35,4.73,3.61,17.46,87.67,20.62,16.7,171.04,16.07,3.4,1.41,0,0,15.84,15.23,8.22,12.87,2.22,10.57,2.42,8.99,7.86,0.95,0,1.51,1.98,3.71,10.28,2.89,6.99,0.97,0,1.82,3.97,5.81,1.86,0,6.24,11.11,39.76,39.76,1.78,126.32,4.03,60.6,24.19,199.35,22.08,3.9,192.58,9.32,114.8,14.44,0,0.39,6.77,86.61,23.46,257.65,9.37,17.87,0,0,16.55,0,0,3.24,3.19,1.05,5.39,52.37,29.83,4.03,9.61,26.26,6.98,9.73,32.12,0.73,0,17.49,0,29.39,18.42,10.97,7.27,1.2,3.25,0.08,2.69,4.45,1.61,1.21,0.41,0,0.25,6.5
IFT31989,IF,Haimen,1989,2503,162,113.3,22.3,11.3,7.7,29.9,0,224.8,36,181.9,34.2,0,3.3,425.2,20.7,12.4,194.8,6.18,60.84,106.75,166.68,8.76,50.02,113.71,8.28,52.96,47.98,28.71,54.24,0.96,2.56,2,40.81,0.71,1.63,0.21,1.49,0,21.78,4.11,0.34,2.85,2.85,30.33,73.91,16.39,10.46,149.77,8.61,4.58,0,0,0,10.34,12.38,7.09,8.66,3.39,7.87,2.91,7.46,7.08,1.89,0,0.54,3.49,3.5,9.13,4,1.5,0.7,2.12,3,0.6,3.28,1.25,0.39,7.86,3.18,29.8,29.8,0.64,80.77,2.65,43.66,20.97,148.62,19.63,2.84,144.35,3.77,51.7,4.32,0.73,3.92,2.35,33.24,12.8,183,9.93,14.84,0,0,10.96,0,0,1.15,0.78,0.83,1.32,46.08,33.65,4.4,8.86,20.76,9.36,6.43,13.95,0.45,0.39,20.96,0,30.91,21.76,9.15,6.7,0.75,3.21,0.1,2.44,8.55,2.72,2.93,1.22,0,0.66,3.68
IGT31989,IG,Taixing,1989,2780,143,97.4,20.9,125.7,4.2,10.1,0,203,19.7,60.7,22.6,0,83,271.1,0,0.7,575.4,2.79,27.38,131.71,122.92,15.86,75.66,76.91,14.96,46.02,90.06,19.69,79.09,0.92,1.47,1.93,45.59,0.58,1.15,1.17,7.41,14.39,25.28,8.89,3.16,3.32,2.02,253.22,299.94,17.91,14.21,183.97,9.04,2.51,1.88,0,0,9.82,16.81,9.6,7.5,2.92,7.04,0.85,7.71,6.59,0,0,0.74,1.96,1.49,6.76,4.79,6.54,0.64,0.7,3.13,4.14,5.21,2.37,1.53,24.13,12.1,34.46,34.46,0.79,149.34,4.42,87.02,12.58,210.92,10.98,4.35,206.08,1.93,46.84,19.44,0,3.64,2.35,24.22,16.57,208.2,3.45,9.54,0,0,8.19,0,0,1.57,0,0.65,0.42,31.23,49.88,6.19,17.65,11.41,5.41,14.06,39.24,0.73,0.93,9.16,0,13.95,9.87,4.08,3.44,0.48,0.93,0.05,0.52,3.15,0.84,0.89,0.32,0.21,0,1.82
JAT31989,JA,Zongyang,1989,2411,136,86.1,20.6,30.9,3.9,6.4,0,221.2,44.9,100.3,27.7,0,0,467.3,72.2,0.3,148,4.69,98.39,168.06,191.13,14.05,49.15,116.96,12.83,74.17,123.05,40.21,156.4,1.25,5.99,5.33,86.08,1.25,2.25,0.16,3.7,22.07,16.39,5.41,1.35,3.35,2.75,196.99,182.72,14.05,3.35,77.23,2.22,2.21,1.03,0,0,11.01,19.4,3.28,6.21,5.37,4.28,2.94,10.06,9.6,2.11,0,1.09,0,5.12,12.96,5.92,6.15,8.43,2.01,4.13,3.66,5.29,2.4,1.98,18.9,10.7,19.5,19.5,1.94,185.3,3.35,53.89,13.24,220.85,12.86,2.48,215.99,8.7,50.16,10.76,9.27,5.04,2.15,20.8,5.5,98.04,6.29,14.54,0,0,11.54,0,0,3.4,1.81,5.61,25.74,48.86,49.64,5.3,15.36,22.67,12.75,23.34,70.92,1.98,1.73,12.12,0,23.45,17.78,5.66,3.96,1.35,2.1,0.18,1.16,3.88,0.82,1.34,0.12,0,0.6,3.25
JBT31989,JB,Qianshan,1989,2594,133,89.1,20.5,17.4,5.3,8.4,0,311.2,38.3,136.9,19.5,0,0,540.6,63.9,0,109.2,8.48,106.21,161.41,243.6,16.09,82.95,164.66,14.88,78.94,120.88,74.73,169.06,6.89,7.84,5.16,117.43,2.22,3.44,0.62,1.49,12.89,12.29,3.35,1.77,5.02,4.19,71.26,115.25,13.07,2.06,60.42,2.01,0.96,2.4,0,0,3.23,27.08,2.29,3.72,2.92,3.71,6.7,6.96,4.61,5.66,0.96,1.82,5.49,3.91,13.64,5.42,3.76,6.87,0.32,2.61,3.04,6.88,4.23,1.25,42.82,52.51,51.08,51.08,1.16,269.59,5.72,153.34,23.49,413.43,20.98,9.06,402.78,14.42,86.26,19.73,3.46,4.68,5.1,43.22,7.16,103.64,9.28,17.8,0,0,13.87,0,0,2.72,0.95,5.2,18.04,55.38,40.76,7.59,10.27,25.25,4.98,22.61,79.25,0.95,0.86,30.04,0,42.36,34.06,8.29,7.01,3.83,1.71,0.13,1.15,13.1,2.28,1.92,0.7,0,1.9,3.42
KBT31989,KB,Daishan,1989,2513,154,99.3,21.4,22,9.5,141.2,16,61.9,32.4,168.2,32.9,0.5,0,309.1,25.6,10,566.4,8.14,69.22,118.06,203.56,13.75,75.36,124.87,12.71,78.69,103.69,33.8,78.91,4.07,5.9,1.01,43.88,0,0.85,1.05,8.96,0,13.45,5.46,2.49,6.01,5.17,44.52,159.59,11.21,3.29,194.36,7.05,4.22,1.24,0,0,9.68,22.48,10.55,10.04,2.66,4.61,2.33,15.73,14.23,1.82,0,1.75,1.99,0.7,10.36,5.56,4.17,1.89,2.35,1.69,1.39,3.29,2.14,0.24,10.61,4.78,35.02,35.02,0.46,159.15,2.83,54.3,20.45,221.17,19.7,15.65,203.05,9.93,139.45,20.71,2.82,2.33,2.57,75.11,5.86,269.48,40.66,38.29,0,0,37.44,0,0,6.55,2.62,0.2,6.34,64.5,71.13,6.81,8.96,17.95,8.18,11.27,26.43,2.92,6.13,24.64,0,40.7,31.63,9.09,6.69,3.3,4.36,0.87,2.19,11.53,3.18,5.51,1.33,0,0.56,2.19
KCT31989,KC,Jiashan,1989,2602,144,90.5,20.9,16.5,13.7,88.3,197.8,240.4,27.4,68.2,58.6,0,0,498.1,26.1,3.5,34.6,5.39,44.91,112.81,154.3,12.19,76.74,90.88,11.19,63.43,99.84,26.12,180.5,1.99,2.32,0.4,54.14,0.2,2.22,2.13,26.07,87.15,11.17,4.28,1.73,5.21,5.21,46.54,82.81,53.66,0.92,104.65,9.61,2.04,2.15,0,0,10.24,18.2,4.77,4.94,2.77,11.6,1.14,8.88,7.32,0,0,0.8,1.29,2.69,22.53,2.76,3.54,0.58,0.17,1.65,1.21,3.8,1.41,1.2,13.32,3.24,24.75,24.75,0.75,97.23,3.06,43.93,16.68,261.08,15.13,6.97,252.76,2.29,46.95,11.65,4.87,1.96,2.52,35.9,3.44,140.55,13.87,20.03,0,0,19.66,0,0,2.5,3.52,1.04,5.18,42.02,50.75,3.92,5.91,23.26,11.48,19.55,45.89,0.8,1.83,13.65,0,26.96,19.62,7.33,4.74,0.64,5.08,1.12,2.53,6.43,1.51,2.13,0.88,0,0,5.1
LAT31989,LA,Zhangpu,1989,2535,149,107,20.9,2.6,3.1,30.6,24.7,27.7,9.5,196.7,62,0,0,540.8,21.7,22.9,41.6,7.22,80.99,179.06,228.64,13.6,75.65,146.67,12.71,81.97,87.83,58.87,208.69,14.62,6.88,4.39,176.86,2.7,7.21,1.02,2.42,0,24.3,4.99,0.63,14.23,12.95,172.38,77.35,11.04,8.97,120.43,1.83,0.9,3.6,0,0,10.67,13,2.14,2.21,6.53,12.73,6.38,5.56,5.56,5.96,0,0.49,2.48,2.92,9.04,3.35,2.58,0.95,0.45,2.88,1.62,3.21,2.48,1.74,14.06,10.54,45.79,45.79,0.86,173.31,2.35,74.31,24.78,175.79,23.26,2.88,171.61,3.37,79.39,34.14,0,2.58,1.75,30.6,10.73,151.02,11.65,29.3,0,0,26.9,0,0,6.97,2.79,1.19,1.46,43.08,42.34,6.23,15.05,19.63,4.81,37.04,44.5,1.85,0.98,20.27,0,36.12,31.43,4.69,7.58,4.98,2.71,0.11,1.44,10.39,0.53,4.71,2.63,1.17,2.04,2.6
LBT31989,LB,Nanan,1989,2013,154,102.3,20,23.1,1.7,13.7,0,128,17.4,23.4,37.7,0.3,0,394.7,22.5,0,194.8,8.54,93.03,179.29,251.15,15.07,65.75,156.53,13.93,94.62,113.94,52.71,100.1,3.68,2.33,2.5,83.35,0.59,2.44,0.54,1.48,0,19.93,6.97,2.31,16.63,16,269.67,128.04,18.09,6.81,161.44,5.16,1.66,0.95,0,0,6.6,6.87,2.47,8.88,5.47,5.56,2.4,9.35,8.56,1.93,0,0.15,1.74,2.35,7.63,2.54,3.27,2.35,1.32,1.37,1.47,3.94,3.66,2,16.93,8.04,80.86,80.86,0.53,240.6,3.42,125.66,34.04,133.08,33.38,3.26,127.45,8.57,51.92,18.54,1.29,1.02,2.83,24.61,9.63,186.06,6.16,18.75,0,0,17.23,0,0,0.64,2.81,0.45,0.5,61.28,59.03,10.24,19.36,28.2,9.35,31.2,54.09,2.13,0.31,26.83,0,42.74,36.66,6.08,10.72,2.37,3.52,0.47,2,15.58,3.28,7.65,2.31,0.15,0.68,3.42
LCT31989,LC,Changle,1989,1896,179,127.7,20.9,26.6,12.8,101.5,9.6,94.9,8.1,146.2,26,0,0,372.6,2.4,1.5,118.4,4.45,74.83,136.15,162.62,14.8,71.38,99.67,13.8,62.96,100.2,35.77,98.9,6.31,4.47,0.84,75.11,0.54,1.53,1.77,7.96,0,15.51,8,1.07,8.18,8.18,94.16,430.54,17.34,3.42,131.61,5.12,2.53,2.76,0,0,22.4,29.31,6.49,2.43,5.62,3.02,1.25,14.4,10.76,1.25,0,0.55,1.94,6.02,21.04,2.98,6.5,1.81,1.87,0.78,0.26,2.53,2.33,0.98,13.48,5.24,26.68,26.68,0.8,182.79,1.74,51.01,19.61,122.56,18.5,2.44,118.39,4.12,55.72,7.63,0,0.63,1.93,25.41,5.34,157.01,18.46,7.02,0,0,5.95,0,0,2.15,3.76,4.94,10.36,38.62,54.66,5.22,10.17,16.05,3.92,21.45,43.19,2.76,2.35,13.63,0,22.21,18.68,3.53,5.33,2.57,1.56,0.1,0.83,4.28,0.8,1.93,0.59,0.09,0.34,1.63
LDT31989,LD,Huian,1989,1579,155,101.7,20.8,38.1,7.9,79.7,7.1,101.4,25.6,51.1,37.3,0,0.8,314.2,19.3,1.9,443.4,3.5,61.91,194.5,178.8,14.7,73.64,86.81,13.04,91.98,165.31,23.16,131.4,2.48,4.61,4.3,100.31,0.77,6.45,0,0.68,0,14.84,6.75,6.71,16.75,15.2,231,99.95,16.89,3.23,146.86,5.95,2.18,2.33,0,0,11.8,8.91,7.45,11.25,3.67,5.76,2.68,8.96,7.72,2.51,0.56,0.48,2.15,2.02,9.97,2.82,3.63,1.16,1.72,1.48,1.15,2.93,2.15,1.81,12.29,6.17,29.79,29.79,0.32,158.68,2.61,55.81,12.52,136.29,11.39,9.86,122.95,8,99.66,19.86,7.05,2.45,2.54,57.13,5.77,203.99,4.15,14.32,0,0,14.32,0,0,2.91,2.98,2.53,12.62,46.02,89.19,7.12,14.87,16.6,8.93,45.05,75.09,0.91,1.02,10.53,0,17.49,14.56,2.93,3.85,1.72,1.42,0.08,0.96,4.21,0.74,1.49,1.43,0,0.88,0.87
MBT31989,MB,Lean,1989,2593,131,84.5,19.4,0.5,3.5,5.6,7.4,207.4,60.1,134.9,27.2,0,0.3,580,25.1,0,126.3,6.93,75.63,217.86,245.12,15.7,111,154.9,13.35,90.22,234.66,63.57,140.29,8.48,13.89,7.15,100.64,1.72,1.6,0.17,3.19,0,15.57,2.45,3.04,8.18,4,6.3,60.12,13.69,3.93,62.25,2.81,2.61,2.44,0,0,5.96,26.51,3.55,8.52,4.4,5.38,6.44,2.52,1.44,5.35,0.64,1.03,5.75,5.3,15.17,5.17,6.67,3.93,1.77,3.23,4.38,5.48,3.42,1.38,27.93,39.19,37.33,37.33,1,230.66,4.46,111.32,26.72,377.21,23.91,8.93,362.73,21.66,151.49,24.98,11.3,6.61,7.79,92.25,11.71,154.5,11.93,39.51,0,0,39.51,0,0,1.96,6.6,2.19,6.91,49.85,71,7.42,15.82,12.65,3.54,38.43,160.31,1.46,2.9,19.91,0,34.66,28.95,5.71,7.86,6.39,1.97,0.09,1.15,8.18,1.06,1.71,0.74,0,1.81,1.84
MCT31989,MC,Nancheng,1989,2622,143,94.7,20.5,8.3,3.6,17.9,110.8,200.8,39.6,181,25.4,0,0,589.3,10.1,0.1,96.5,4.76,69.77,208.17,206.93,19.05,107.71,118.39,16.88,88.54,216.93,35.27,120.06,3.81,3.94,2.96,90.57,0.69,5.77,0.14,4.29,0,23.79,5.69,1.4,6.95,5.02,59.36,210.58,30.16,11.09,171.09,0,0.76,0,0,0,15.81,15.68,6.13,5.14,5.35,9.57,1.98,5.63,3.18,1.23,0.97,0.15,3.52,3.07,15.58,5.01,5.93,4,2.06,3.41,3.79,9.62,4.26,3.54,20.7,21.52,47.67,47.67,1.72,328.01,7.89,98.47,20.16,377.21,17.38,0,375.5,10.16,111.28,13.14,5.13,4.45,3.02,81.69,14.11,252.77,6.67,33.2,0,0,29.05,0,0,2.16,5.84,1.16,9.6,49.57,76.03,6.27,19.27,19.6,7.91,37.14,136.66,1.83,4.25,13.79,0,23.82,18.76,5.06,5.76,2.78,2.17,0.28,1.27,5.15,1.9,1.6,0.19,0,0.38,2.05
MDT31989,MD,Xiajiang,1989,2722,142,94.7,19.3,1.3,9,14.8,26.8,225.8,12.9,134.3,38,0,0,549.1,2.1,0,184,8.14,75.29,176.24,238.58,13.73,93.06,159.39,11.8,79.19,192.81,63.86,151.2,7.64,12.1,1.05,80.19,0.52,0.88,1.34,14.2,0,16.19,2.6,6.74,8.6,8.6,8.18,74.96,15.52,5.25,67.64,6.42,3.63,0.88,0,0,9.34,20.35,2.79,3.19,6.13,3.84,2.96,6.16,3.6,2.65,2.56,1.81,0,3.21,7.84,4.35,10.5,2.97,1.53,3.27,6.98,5.17,3.18,2.97,23.22,16.08,39.56,39.56,0,228.32,5.17,89.53,18.62,294.18,17.9,17.04,274.35,13.03,106.38,23.36,2.98,2.31,5.25,74.53,10.52,142.17,16.14,29.79,0,0,27.49,0,0,3.43,0.95,0.71,8.4,52.01,69.26,6.46,15.84,22.55,13.5,26.68,123.55,0.51,0,25.92,0,40.73,32.72,8.01,5.88,5.05,2,0.16,1.51,16.32,1.08,3.35,0.17,0,0.93,4.08
NAT31989,NA,Linwu,1989,2560,143,91.8,20.9,6,1.1,18.4,9.6,156.6,104.6,84,50.2,0,0,495.6,21.9,0,123.1,8.19,95.99,280.14,304.49,15.19,76.46,176.81,13.3,127.67,189.15,73.87,224.08,4.08,12.18,3.05,172.41,1.19,0.43,0.16,0.81,0,12.14,2.31,1.01,16.69,16.2,3.77,76.82,3.34,3.05,67.63,0,1.25,0,0,0,9.83,18.1,3.18,2.01,3.5,6.5,2.97,8.08,6.22,1.65,1.85,1.14,3.69,2.48,9.61,5.6,8.1,6.43,2.05,1.82,2.38,7.72,4.1,4.13,65.72,57.98,14.98,14.98,2.04,260.03,5.69,150.09,39.52,248.21,35.83,26.84,203.63,23.23,139.34,43.61,9.88,4.22,6.89,65.38,9.94,133,5.16,32.94,0,0,32.13,0,0,12.35,7.78,3.29,7.49,0,0,0,0,0,0,0,0,0,0,24,0,40.94,35.66,5.27,11.35,4.85,1.54,0,0.74,11.48,2.19,3.04,0.23,0,0.53,0
NBT31989,NB,Mayang,1989,2605,149,100.9,20.4,4.8,2.4,1.8,43.8,52.8,6,342.6,34,0,0,583.6,19.4,0.2,74.2,6.21,74.47,242.09,248.32,9.95,44.31,167.64,8.94,80.67,101.18,73.56,200.69,11.37,18.88,12.48,122.08,0.81,3.34,1.03,3.88,0,10.1,1.16,0.46,15.41,15.41,0.46,39.66,3.84,3.23,22.02,0.42,1.63,0,0,0,6.19,11.65,3.4,1.81,2.36,3.66,6.22,6.21,3.62,5.34,0.9,1.02,1.75,1.72,11.43,7.99,6.12,5.17,0.45,3.92,2.7,8.49,1.93,3.24,28.47,24.39,12.86,12.86,1.41,104.28,7.08,88.42,25.18,198.12,23.03,26.47,170.44,26.14,131.75,36.09,12.31,2.23,8.64,64.09,11.88,86.11,6.55,20.26,0,0,18.83,0,0,3.51,7.12,3.19,13.64,0,0,0,0,0,0,0,0,0,0,15.64,0,31.04,27.55,3.5,7.27,7.01,0.99,0.05,0.52,5.81,1.02,0.81,0.43,0.06,1.81,0
NCT31989,NC,Qiyang,1989,2380,144,98.1,20.8,15.6,12,38.9,105,92.4,53.4,89.3,47.5,0,0,477.2,4.2,3.9,62.4,11.54,122.03,225.37,328.53,11.43,69.78,210.2,10.22,118.33,120.2,92.06,152.45,6.21,20.21,6.88,89.88,2.6,4.52,0.71,7.8,0,10.76,1.81,2.03,9.64,5.58,4.36,71.08,4.87,1.22,32.93,0.44,0.61,0,0,0,12.62,22.01,4.76,8.6,4.36,4.1,7.05,16.55,12.32,5.9,1.53,0.99,0.89,3.55,14.54,6.1,2.73,8.53,0,2.73,1.56,6.93,2.86,3.93,22.71,29.24,10.73,10.73,1.4,211.34,5.54,74.58,33.28,221.32,31.72,15.51,198.43,18.63,113.67,35.39,4.38,2.35,4.35,56.41,5.57,89.34,13.94,18.94,0,0,16.34,0,0,2.5,5.42,4.59,6.18,0,0,0,0,0,0,0,0,0,0,30.25,0,57.7,49.88,7.84,10.42,5.49,7,0,2.84,11.99,4.96,2.11,0.15,0,1.86,0
NDT31989,ND,Yuanjiang,1989,2519,164,115.8,21.2,15.2,2.2,111.2,125.4,44.1,23.9,289.7,85.3,0,7.5,415.4,11.1,3.5,54.6,13.86,137.74,253.76,382.38,9.82,37.63,187.86,8.44,194.53,137.98,83.01,151.01,10.52,6.45,4.02,75.13,1.48,3.69,0,0,30.69,16.8,2.28,1.83,7.76,5.93,8.44,29.68,12.63,3.57,74.15,2.2,0.53,0,0,0,7.83,41.43,5.78,5.89,5.62,5.85,5.86,3.35,2.05,3.93,0,1.07,0.79,2.46,4.21,2.6,2.8,3.04,1,0.68,0.52,5.21,2.3,1.27,27.84,18.48,20.77,20.77,1.54,146.05,3.68,83.82,44.55,173.7,43.65,28.3,140.61,22,45.66,24,2.19,0.54,3.96,10.55,7.53,84.7,2.61,14.83,0,0,13.91,0,0,2.6,2.75,7.77,6.51,0,0,0,0,0,0,0,0,0,0,27.61,0,69.31,43.71,25.6,14.16,7.79,2.24,0.07,1.51,10.75,2.23,1.99,2.3,0,1.23,0
OAT31989,OA,Zaoyang,1989,2433,141,93.4,20.7,117.9,0.4,3,0,135.1,6.7,420.7,7.4,0,0,464.3,4.2,0,23.9,6.01,54.35,178.92,203.66,15.89,65.34,123.23,14.39,80.44,149.15,55.69,169.81,5.93,11.6,3.29,87.51,1.39,1.04,1.59,26.87,0,11.46,3.31,1.8,5.42,5.42,75.44,114.08,14.16,1.13,48.26,0,1.84,0.93,0,0,11.59,14.92,5.78,4.04,4.41,1.86,1.21,7.82,5.4,0.56,0,0,0.51,1.51,4.79,1.83,5.16,1.42,1.25,1.22,3.85,9.66,5.12,3.1,33.7,48.89,46.67,46.67,2.4,366.94,7.26,144.58,24.93,313.43,22.48,21.18,292.24,9.33,78.91,23.57,6.55,2.15,3.63,67.28,4.75,115.54,4.2,19.89,0,0,14.43,0,0,2.45,0,2.99,9.03,28.64,24.77,5.46,5.47,12.46,3.77,33.38,94.48,1.03,1.58,19.95,0,30.06,24.2,5.87,7.41,2.93,1.61,0.27,1.01,8.13,0.8,2.28,1.2,2.92,0.07,2
OBT31989,OB,Echeng,1989,2787,134,85.7,21.3,36.9,0.1,8,0,360.4,13.4,215.5,17.4,0,4.8,564,39.6,0,53.5,6.15,111.46,247.71,261.21,23.45,72.73,159.72,21.23,101.5,222.5,49.44,215.34,3.4,19.27,4.38,144.08,3.41,5.82,1.43,7.78,1.19,27.98,7.54,10.37,14.94,13.15,104.64,237.66,59,4.99,125.91,4.91,2.17,7.94,0,0,37.37,60.64,3.78,13.27,5.9,4.83,0.41,9.34,8.43,0.19,0,1.02,3.86,2.05,19.06,4.09,5.03,2.69,0.51,3.04,3.9,9.77,5.7,7.05,40.32,65.88,59.82,59.82,0.21,393.51,9.56,176.22,23.41,349.69,20.96,19.23,325.62,7.17,144.44,39.27,6.42,5.69,3.49,71.41,8.48,197.31,14.21,34.01,0,0,24.5,0,0,1.58,5.66,1.58,12.08,53.03,66.37,9.6,18.45,28.11,10.6,34.19,116.63,1.47,4.14,18.11,0,30.74,23.36,7.38,6.66,1.57,2.57,0,1.62,10.12,1.98,2.1,2.18,2.23,0.07,4.61
PAT31989,PA,Cangwu,1989,2196,150,107.9,20.1,12.4,9.4,19.7,23.9,257.5,11.9,24.2,52.3,0,2,488,44.1,0,9.2,11.32,125.03,142.1,278.55,11.96,55,234.27,11.48,44.28,47.73,126.31,185.31,6.07,6.41,5.73,130.77,0.78,2.63,0.32,0.69,0,14.29,2.04,1.06,37.28,36.91,19.6,21.32,11.04,4.25,71.17,0.53,2.48,1.4,0,0,4.18,15.85,2.91,1.63,4.33,4.41,3.38,3.76,2.49,2.38,0.45,5.75,2.57,4.51,9.85,4.82,6.24,4.46,3.41,1.82,3.11,7.64,2.12,2.48,40.13,4.46,10.9,10.9,2.12,140.47,5.53,71.86,86.88,327.06,84.67,29.85,296.52,27.16,172.84,55.45,9.75,0.45,8.46,96.32,12.72,167.48,1.77,40.28,0,0,38.5,0,0,0,2.3,1.11,6.42,0,0,0,0,0,0,0,0,0,0,31.88,0,56.57,53.48,3.08,25.92,6.54,1.29,0.06,0.84,13.01,2.52,1.68,2.1,5.18,0.78,0
PCT31989,PC,Chongzuo,1989,1713,143,98.7,20,1.6,3,13.8,0,40.7,15.3,303.5,46.5,0,0,410.5,6.8,0,0,7.89,97.38,177.53,242.06,11.4,58.41,193.4,10.72,48.66,67.54,65.89,203.04,4.85,6.42,5.04,157.94,0.77,2.54,0,2.02,0,34.41,2.59,0,12.27,12.27,6.2,42.69,6.46,25.85,144.36,2.3,1.09,0.88,0,0,5.87,11.6,2.29,4.72,4.68,5.23,5.33,0.33,0,4.54,0,6.05,3.54,1.03,1.82,5.54,8.05,4.54,4.5,1.38,1.89,7.42,2.56,5.1,35.51,7.97,58.77,58.77,1.4,150.79,6.03,104.91,33.13,147.86,31.69,20.12,124,18.83,164.23,48.41,16.03,1.58,10.43,89.87,36.28,234.22,4.5,35.14,0,0,34.72,0,0,0,3.88,0.18,1.02,0,0,0,0,0,0,0,0,0,0,26.01,0,39.48,36.05,3.42,10.14,2.09,0.77,0.11,0.5,16.93,0.73,5.26,6.38,4.38,1.59,0
PDT31989,PD,Fusui,1989,1981,155,106.5,19.8,7.8,3.6,27.5,9.9,156.2,17,76.7,48.1,0,3.8,392,3.6,0.3,24.2,7.18,87.37,200.75,242.25,10.93,62.63,195.14,10.38,47.1,54.13,61.08,180.91,5.82,9.77,5.45,133.02,0.84,3.46,0,0.78,0,50.04,2.92,0,19.84,19.84,1.83,39.07,8.28,41.77,171.13,1.09,1.33,2.44,0,0,12.86,7.56,1.57,3.94,2.1,4.78,2.46,1.72,0.89,2.1,0,3.12,0.8,0.32,5.25,2.32,4.35,3.42,3.7,1.15,0.72,6.45,2.27,4.33,42.92,16.59,1.5,1.5,0.97,157.51,5.48,69.7,35.37,202.05,34.72,18.96,182.61,16.62,114.97,36.79,15.68,0.5,6.21,53.14,47.98,224.27,5.38,24.34,0,0,22.87,0,0,0.24,0.97,0,1.89,0,0,0,0,0,0,0,0,0,0,25.82,0,35.9,33.29,2.6,10.54,4.28,2.99,0.1,2.78,12.33,0.49,8.98,1.18,1.06,0.67,0
PET31989,PE,Rongxian,1989,2045,136,93.4,19.4,2.3,8.6,6.1,11.3,233.6,22,43.1,39.8,0,0,414.8,40.3,3.2,49.6,10.62,88.74,157.59,267.15,10.65,56.13,213.71,10.11,53.44,54.72,100.16,137.84,3.86,3.44,5.4,86.75,0.18,2.27,0.86,4.54,0,13.68,1.59,1.95,10,10,27.3,11.4,8.14,2.68,47.02,0.24,0.41,1.97,0,0,5.02,14.14,6.76,2.39,4.17,7.03,5.83,16.09,8.1,5.31,4.47,2.71,5.78,2.2,11.1,5.17,6.2,2.42,1.26,3.14,4.5,10.23,3.16,4.36,42.84,19.14,33.68,33.68,2.8,204.47,7.43,110.94,59.85,214.69,57.77,18.88,194.8,26.72,117.28,14.2,4.08,0.78,8.35,91.42,11.02,138.43,2.85,38.84,0,0,38.84,0,0,0.81,1.29,2.1,0.73,0,0,0,0,0,0,0,0,0,0,31.79,0,53.11,49.25,3.86,18.8,6.07,2.02,0.07,1.09,14.66,2.58,3.86,1.23,5.54,1.86,0
QAT31989,QA,Qingzhen,1989,2566,133,92.3,20.5,80.1,1.4,0.6,1.6,146,88.4,186.3,19.4,0,59.6,392.6,10,2.1,98,11.69,131.81,334.63,395.79,13.9,82.82,272.87,12.02,122.92,188.39,115.04,161.05,11.79,36.73,10.77,56.91,2.46,1.18,0.14,1.58,0,10.23,1.64,0.45,4.08,4.08,8.34,37.41,14,1.17,28.43,1.02,1.73,4.15,0,0,5.55,11.91,1.4,2.01,4.53,6.96,10.54,18.18,7.09,9.99,9.99,2.56,2.13,3.38,24.18,4.68,9.29,4.62,1.4,1.58,3.77,13.76,2.73,11.08,99.15,16.73,27.71,27.71,1.66,128.16,12.09,144.67,56.52,381.19,54.28,45.36,327.92,45.93,159.18,38.55,30.6,17.59,5.75,53.37,6.92,81.8,6.3,42.88,0,0,42.28,0,0,3.58,1.04,1.05,5.99,95.74,150.73,17.77,29.34,25.02,14.76,17.94,32.21,8.92,5.02,31.31,0,58.42,53.6,4.83,15.88,13.28,0.99,0.04,0.56,16.03,0.7,8.16,4.47,1.75,3.29,1.23
QBT31989,QB,Yinjiang,1989,2423,129,85.8,21.4,18.9,0,0,0,151.5,8.2,249.9,14.4,0,0.9,330.4,79.8,1.9,788.5,7.85,130.88,356.01,352.99,15.96,84.03,266.38,14.3,86.61,165.85,150.09,307.41,10.79,27.25,36.55,184.25,7.66,10.9,1.72,5.73,0,9.43,1.54,0,9.15,9.15,8.03,54.51,7.08,1.6,19.98,0,4.64,3.96,0,0,11.38,19.97,0.49,0,2.06,1.69,2.7,15.97,1.83,2.57,12.14,1.07,2.83,4.11,14.43,6.89,9.03,9.05,3.79,2.46,3.02,14.78,2.67,10.84,56.77,11.13,38.33,38.33,1.09,157.19,13.7,109.62,62.27,483,59.28,55.76,408.24,31.63,174.6,41.74,13.15,19.07,6.58,85.13,8.18,105.1,4.59,38.98,0,0,35.41,0,0,7.08,2.48,1.27,2.9,51.44,97.22,7.75,17.66,8.78,6.04,32.82,65.67,2.08,2.96,19.68,0,39.26,36.63,2.63,14.48,7.81,0.36,0.04,0.09,10.01,0.18,4.07,1.47,3.38,0.9,0.75
QCT31989,QC,Huishui,1989,2258,136,89.9,20.6,40.3,2.9,0.6,0,111.2,47,173.7,46,0,0,460.5,6.5,0.1,6.2,7.91,102.46,213.79,264.49,11.74,69.22,214.72,10.84,49.77,89.19,112.34,275.65,32.61,71.01,7.04,104.7,1.48,6.56,0.14,2.21,0,7.93,0.8,1.08,2.69,2.69,4.74,13.41,3.6,0.68,19.16,0,0.41,2.45,0,0,12.55,3.15,0.51,6.93,2.67,2.68,7.45,8.95,0.93,7.45,7.02,2,2.73,1.07,21.56,3.03,7.5,2.14,1.95,0.92,1.94,10.73,2.48,8.95,70.29,6.4,25.89,25.89,1.23,143.85,9.5,104.07,47.02,268.86,46.27,63.16,202.81,38.6,181.4,25.82,31.6,18.96,8.96,94.5,9.64,113.67,3.25,40.7,0,0,38.77,0,0,1.52,2.74,0.7,3.1,37.08,72.83,6.56,10.05,12.15,6.99,7.04,14.35,4.87,2,17.42,0,39.57,38.15,1.42,12.49,11.73,0.29,0,0.17,9.04,0.3,3.52,1.21,3.46,2.27,0.56
RAT31989,RA,Xuanwei,1989,2160,145,102.3,20,3.3,0.5,0,2.8,6.8,90.9,203.5,19.6,0,212.7,136.9,22.6,2.4,656.9,9.85,122.92,286.7,339.57,18.12,101.23,207.24,16.45,132.33,167.48,103.02,156.44,3.89,19.51,2.54,37.56,0.73,4.94,0,0,0,18.75,4.66,0,2.16,2.16,4.81,14.39,11.17,2.52,31.7,2.81,2.68,0.53,0,0,18.62,9.62,13.62,0.74,3.74,5.21,3.35,3.31,2.56,1.91,0,1.61,2.33,0.4,11.58,7.66,6.33,1.45,2.04,4.34,2.08,17.13,1.67,7.57,46.63,2.67,22.15,22.15,3.47,87.23,13.66,79.94,98.23,695.01,88.39,82.2,599.56,16.12,168.68,59.76,26.04,6.28,3.63,58.4,6.15,90.1,3.95,32.34,0,0,25.43,0,0,0.55,13.13,0.64,2.92,97.36,93,12.81,19.46,27.45,12.45,30.71,68.81,4.25,5.67,26.41,0,49.22,41.15,8.07,28.11,3.25,1.47,0,1.24,5.17,1.71,1.52,0.42,0.17,0.54,2.42
SAT31989,SA,Wenjiang,1989,3066,142,96.4,21.8,35.9,0.7,0,0.8,105,30.4,424.8,47.6,0,0,572,28.5,4.9,90.3,5.8,48.16,207.24,215.12,14.19,80.49,118.42,13.13,96.7,105.81,41.98,74.04,1.42,0.92,4.41,42.94,2.06,2.6,0.68,7.44,0,10.44,3.27,1.55,8.35,8.35,38.7,104.36,18.24,1.63,38.92,2.71,4.53,3.84,0,0,11.95,13.02,6.27,8.09,5.59,16.48,4.01,11.74,7.67,2.9,4.05,1.51,1.97,1.65,7.15,6.48,8.31,2.34,1.53,3.42,2.41,4.07,2.31,3.03,50.33,6.88,17.02,17.02,0.56,155.18,3.51,75.8,26.44,551.44,21.23,7.87,537.88,11.14,77.39,13.31,4.08,1.28,6.16,43.02,7.79,81.94,17.37,9.56,0,0,9.56,0,0,3.6,8.13,3.51,5.85,68.36,59.13,16.56,27.07,27.32,5.83,26.49,38.81,1.85,7.87,17.98,0,29.03,21.06,7.98,6.95,1.68,0.89,0,0.6,7.79,1.29,1.98,0.72,0,0.66,4.55
SBT31989,SB,Cangxi,1989,3022,133,87,20.2,199.4,0.8,0,0,270,5.5,191.1,12.8,0,50.8,411,41.9,0.7,191.5,6.64,56.75,197.05,223.68,16.75,97.92,150.08,15.76,73.6,98.62,62.76,136.47,3.95,2.99,7.39,56.69,1.95,6.9,1.95,41.06,0,12.29,6.27,3.96,2.98,2.98,257.19,184.73,15.68,2.1,74.5,2.45,3.43,2.19,0,0,2.38,49.89,6.86,5.55,3.44,4.63,0.88,5.4,3.96,0.72,0,0.66,3.71,0.94,2.92,7.73,8.19,2.13,0.31,4.99,4.51,13.32,3.1,9.24,37.69,6.33,18.1,18.1,1.64,244.42,11.69,66.06,39.69,345,37.22,18.72,322.81,8.97,115.71,50.91,2.63,11.77,3.92,77.92,6,152.42,4.61,24.22,0,0,22.14,0,0,2.81,2.02,1.69,5,48.58,58.66,4.04,5.07,16.43,5.69,23.59,37.8,1.44,2.16,23.03,0,33.2,27.77,5.44,11.92,2.87,2.16,0.05,1.59,7.63,0.97,1.59,1.91,0,0.21,1.64
SCT31989,SC,Quxian,1989,2854,136,89.9,20.6,143.2,8.7,2.4,0,222.8,9.2,89,17.5,0,0,392.1,25.4,5,569.5,10.67,62.91,163,263.47,16.26,75.64,196.66,15.47,66.8,78.58,109.97,130.96,6.3,7.04,15.07,84.24,4.2,5.5,1,5.86,0,7.04,3.68,4.74,6.26,6.26,161.29,80.04,15.14,1.32,36.83,2.15,0,0.71,0,0,6.69,9.23,2.56,9.08,1.81,2.46,6.11,1.56,1.08,5.98,0.47,2.23,0.47,0.35,2.02,3.19,3.96,6.74,2.28,2.71,2.92,9.94,3.33,8.58,29.67,42.39,20.49,20.49,0.81,239.48,9.12,93.5,45.57,605.4,42.06,17.27,581.6,14.83,91.22,26.55,3.39,7.66,5.58,54.68,6.9,91.5,2.64,25.84,0,0,25.84,0,0,0.48,0.8,0.24,0.43,57.49,44.05,6.19,13.07,27.32,3.56,9.11,33.93,0.2,0.59,32.09,0,53.33,43.93,9.4,13.95,4.27,2.56,0,2.07,15.9,3.07,4.31,0.17,0.08,2.01,6.46
TAT31989,TA,Shanyang,1989,2348,145,97,21.5,290,0.1,0,0,63.5,19.5,165.4,8.6,0,152.3,34.5,98.9,0.9,341.4,8.54,99.7,254.74,295.99,17.21,95.32,194.02,15.29,101.97,191.24,89.91,178.11,8.98,11,11.21,112.67,1.08,9.71,0.38,4,0,11.43,4.34,1.61,2.83,2.23,235.09,86.06,13.76,3.06,34.66,2.69,0.61,0,0,0,11.39,60.26,5.04,3.01,2.06,1.31,2.1,5.54,4.77,2.1,0,0.99,0.71,1.9,6.82,2.5,5.86,6.57,2.46,1.59,1.17,10.99,3.58,5.5,39.54,18.55,28.5,28.5,2.02,257.23,8.96,100.58,45.73,352.94,41.03,31.07,317.97,36.54,173.78,50.13,7.11,33.8,5.31,68.05,8.38,102.71,6.48,32.76,0,0,30.21,0,0,0,2.13,0.56,4.19,79.31,129.51,9.68,18.09,10.79,6.25,19.37,57.34,3.29,4.38,23.73,0,42.68,38.02,4.67,12.46,9.93,1.1,0.1,0.86,9.43,1.69,1.34,1.73,0.05,0.7,1.35
TCT31989,TC,Jiaxian,1989,1648,143,95.7,21.3,63.3,0.4,0,0.7,151,16.3,213.9,0,0,303.4,0.1,3.9,1.6,158.4,10.01,58.66,201.01,274.62,14.13,93.68,215.07,13.21,59.55,92.53,93.62,84.36,11.23,13.77,6.75,35.52,2.33,6.96,0.25,0,0,13.27,5.25,0.85,1.45,1.45,117.27,255.11,21.53,1.36,64.05,6.95,1.99,0.77,0,0,8.34,58.41,5.71,0,4.92,6.3,1.82,6.35,6.35,1.13,0,0.22,0.57,2.32,5.92,5.02,13.77,5.75,5.33,2.97,6.71,9.11,2.26,6.21,54.24,12.63,29.09,29.09,2.43,126.5,6.68,99.73,46.74,286.07,42.96,19.91,264.35,14.76,140.3,45.63,9.03,9.55,4.6,54.21,5.96,118.25,10.01,36.45,0,0,30.14,0,0,0,3.6,1.11,0.78,44.16,57.02,11.25,15.73,7,4.38,9.31,12.3,0.47,1.78,30.55,0,50.05,48.4,1.65,14.24,5.06,2.2,1.02,0.47,23.05,1.09,6.75,5.48,0.08,0.4,0.07
TDT31989,TD,Longxian,1989,2020,137,92.8,20.8,499.8,0.2,0,0,132.6,4.1,78.6,0.6,0,24.3,0.6,1.9,0,67.6,7.76,52.89,186.19,232.33,22.25,156.34,179.04,21.11,53.28,114.29,70.06,133.28,8.29,20.98,9.05,71.21,1.75,6.47,0.35,7.65,0,10.87,3.28,3.02,0.6,0.6,58.97,108.85,10.56,1.73,44.2,3.92,4.31,0.72,0,0,9.51,89.78,2.38,1.18,3.56,0.9,1.64,13.43,8.22,0.81,1.61,0,3.93,1.31,16.59,6.61,8.73,2.79,0.47,4.08,7.29,14.61,10.89,7.65,119.24,40.51,179.54,179.54,2.06,735.17,12.54,353.86,40.26,362.7,38.41,14.23,345.67,6.37,113.71,27.21,5.73,12.61,3.27,61.1,5,105.29,4.55,42.15,0,0,34.52,0,0,3.48,2.75,0.4,3.15,32.55,53.84,12.68,18.26,2.62,0.6,15.92,54.32,2.79,2.78,25.88,0,38.79,37.26,1.53,12.63,3.17,3.79,1.98,1.46,15.36,2.17,6.74,4.03,0,0.28,0.14
UAT31989,UA,Sihui,1989,2327,161,111,19.5,0,2.1,74.6,0.5,251.2,7.7,20.1,70.1,0,0,485.4,3.4,0,22.4,6.42,61.84,96.81,164.68,9.47,56.34,126.3,8.77,38.37,70.54,37.16,93.91,1.37,1.31,1.73,54.38,0.68,0.99,0,0,5.66,13.51,2.4,0.34,38.98,38.98,14.67,22.3,15.03,3.75,78.98,2,0.97,2.52,0,0,9.36,2.52,3.62,3.31,2.96,2.04,1.63,7.96,7.24,1.01,0,0.96,4.29,3.45,5.88,2.36,3.59,0.65,1.24,1.76,1.64,6.33,1.86,3.24,11.41,5.85,37.76,37.76,1.45,128.65,4.88,58.01,26.46,227.43,25.48,23.29,201.33,8.73,94.35,25.89,3.51,1.72,2.6,51.87,6.35,130.84,8.82,25.43,0,0,17.07,0,0,2.98,2.81,1.42,1.65,31.83,43.88,7.16,16.04,13.23,4.04,5.49,26.44,1.05,0.23,22.27,0,32.09,28.45,3.65,7.98,1.71,2.55,0.23,1.57,13.77,5.92,2.92,1.88,0.12,0.29,1.43
UBT31989,UB,Panyu,1989,1975,162,106.9,20.5,0.4,1.4,103.5,2.2,341.9,0,23.8,63.3,0,0,364,1.3,0,2.4,3.69,45.51,121.3,135.04,10.7,61.65,89.19,10.03,45.85,66.63,12.57,86.62,0.59,1.34,0.73,66.46,0,1.43,0.07,4.33,0,17.2,3.19,1.11,38.66,38.66,14.96,21.28,12.82,5.28,102.99,2.35,2.58,5.83,0,0,13.32,15.94,5.38,2.3,4.96,6.87,1.16,7.6,6.37,0.42,0,1.6,4.05,2.15,7.25,4.12,3.08,0.8,0.14,2.69,2.31,6.81,2.08,4.91,23.41,6.25,35.84,35.84,0.42,139.12,6.39,69.43,10.89,286.73,8.3,8.83,272.49,3.09,59.28,17.09,1.29,1.87,1.24,37.15,6.51,140.14,4.65,13.56,0,0,12.23,0,0,1.16,2.64,0.38,7.98,34.84,30.82,6.69,10.04,19.11,4.99,9.46,34.22,1.25,1.36,10.9,0,18.46,14.02,4.44,2.13,0.49,2.42,0.45,1.24,7.58,3.07,1.25,1.8,0,0.14,3.92
UCT31989,UC,Zhongshan,1989,2313,172,118.7,20.9,0,2.1,124.2,0,212.3,2.9,72.3,84.2,0,0,437.9,14.3,0,7.7,,,,,,,,,,,,,,,,,,,,,,,,,,,,,,,,,,,,,,,,,,,,,,,,,,,,,,,,,,,,,,,,,,,,,,,,,,,,,,,,,,,,,,,,,,,,,,,,,,,,,,,,,,,,,,,,,,,,,,,,
UDT31989,UD,Wuchuan,1989,2217,167,117.5,20.1,0,0.3,97.5,0,118.7,0.6,81.1,79.3,0,0,435.3,19.9,0,35.9,9.21,140.53,184.34,276.98,14.74,84.51,179.25,13.45,97.73,128.98,64.73,132.4,2.13,0.84,1.18,103.17,0.25,0,2.06,16.25,0,23.31,5.11,1.3,24.46,23.86,33.59,86.19,11.26,7.48,162.56,3.9,1.1,9.15,0,0,23.1,41.31,10.16,2.33,6.09,1.92,1.34,18.03,16.64,0.46,0,1.9,2.42,0.94,6.48,7.44,7.8,6.2,1.95,3.04,5.87,11.89,3.06,3.34,23.45,14.02,83.8,83.8,1.59,168.51,10.3,137.28,39.51,209.74,37.72,2.41,203.9,4.38,95.27,27.18,0.7,0,2.06,66.29,9.55,228.84,8.28,43.11,0,0,42.13,0,0,1.03,0.35,4.79,9.58,79.28,74.87,27.84,34.23,29.82,5.96,13.56,41.7,2.96,3.14,24.8,0,46.03,39.22,6.8,12.29,1.31,0.98,0,0.9,17.21,0.16,8.21,2.27,1.24,0.16,4.81
UET31989,UE,Shunde,1989,1884,168,113.7,20.9,4.9,0.8,184.7,2.9,234.3,0,59.3,62.7,0,0,335.7,3.1,0,10.3,,,,,,,,,,,,,,,,,,,,,,,,,,,,,,,,,,,,,,,,,,,,,,,,,,,,,,,,,,,,,,,,,,,,,,,,,,,,,,,,,,,,,,,,,,,,,,,,,,,,,,,,,,,,,,,,,,,,,,,,
UFT31989,UF,Wuhua,1989,2557,161,107.3,19.3,0,0,0,0,434.9,19.9,0,15.5,0,0,528.9,60.2,0,130.1,7.7,66.25,95.03,183.23,8.53,45.29,130.78,8.01,52.44,52.97,54.5,93.57,3.36,0.45,1.23,61.21,0.61,2.25,0.46,6.62,0,7.16,2.37,2.5,8.2,7.09,86.12,28.66,11.68,2.52,46.36,0.23,1.66,0,0,0,2.64,17.95,3.14,0,1.17,2.32,2.9,17.23,4.01,0.53,3.06,1.06,2.02,1.61,4.71,1.32,2.1,0.79,0,0.35,1.52,3.93,2.37,0.37,12.62,51.54,37.63,37.63,1.62,113.14,2.3,123.58,40.49,107.66,38.89,13.11,83.72,13.61,59.7,19.82,0,1.81,1.9,30.41,4.42,76.77,2.29,5.38,0,0,5.38,0,0,0,1.03,3.42,45.35,42.06,30.23,6.96,5.79,17.71,2.73,6.54,14.82,0.52,1.93,24.39,0,38.5,33.2,5.3,12.62,3.62,2.54,0,1.41,9.84,6.27,2.98,0,0.32,0.06,2.7
VAT31989,VA,Tianzhu,1989,2012,133,88.5,22,508.8,1.1,0,20.9,71,2,125.4,36.9,0,28.4,0.8,25.7,1.8,185.4,7.02,58.02,220.5,242.84,17.93,127.81,178.97,16.87,63.88,106.34,75.23,114.17,24.61,14.13,10.16,52.14,2.4,15.38,0.26,4.64,0,13.34,5.42,0,4.76,4.76,69.52,297,10.88,1.11,73.22,10.27,0.64,0,0,0,14.22,52.51,1.36,1.06,4.13,4.07,0,1.98,1.98,0,0,0,4.32,1.91,15.94,5.46,1.14,2.92,1.14,1.78,0,9.64,4.32,3.56,56.53,24.55,72.31,72.31,3.42,251.59,6.23,180.08,35.84,396.22,33.48,23.71,358.28,12.58,144.66,43.06,2.43,17.94,2.43,61.95,3.54,135.16,12.25,31.78,0,0,29.35,0,0,0,0.67,3.17,26.07,40.55,53.67,9.66,11.54,4.38,3.33,19.49,48.32,3.27,4.34,23.18,0,35.09,33.52,1.57,10.86,7.09,1.91,0.65,1.09,10.54,1.93,4.69,1.38,0,0,0.18
VBT31989,VB,Dunhuang,1989,2743,138,101.1,22.4,639.3,5.7,0,54.8,173.4,4.3,510.6,33,4.5,0,0,0,0.8,22.6,6.92,46.99,131.59,187.39,20.54,126.97,136.86,19.4,50.53,113.72,45.84,103.48,3.44,8.67,2.27,56.13,0,16.24,0,0,0,14.43,4.83,0,9.57,9.57,82.11,217.78,21.99,1.78,52.58,8.39,0,0,0,0,5.63,27.41,4.4,9.1,5.55,11.24,0,14.08,14.08,0,0,0.38,2.41,4.05,10.35,6.51,9.21,1.32,3.85,3.44,3.77,6.16,7.29,2.39,46.16,58.25,184,184,0.73,432.96,5.42,295.38,33.39,521.54,32.3,16.9,504.64,5.86,63.01,24.51,2.13,2.13,2.69,31.83,4.47,84.41,0,16.63,0,0,12.97,0,0,0,1.05,0.41,2.46,42.8,88.78,18.23,43.45,10.25,12.5,7.01,24.95,0.71,0,24.34,0,34.57,30.8,3.76,10.6,1.38,4.92,0.68,3.01,12,3.57,3.12,1.8,0,0,1.77
VCT31989,VC,Wudu,1989,2433,142,94.3,21.6,270.1,0,0,0,117.9,0,41,0,0,170.3,166.6,77.7,0,375.2,4.46,52.17,269.59,232.78,14.82,85.38,148.65,13.04,84.14,178.54,61.36,130.76,9.52,21.63,5.08,45.92,3.06,9.05,0.69,9.23,0,15.46,4.95,1.02,1.71,1.71,66.87,259.69,11.29,1.82,46.3,1.02,0.89,2.21,0,0,16.86,118.15,0.47,1.65,2.79,3.22,1.27,7.52,6.55,0.71,0,0.95,4.6,2.7,8.55,8.25,13.92,5.51,2.76,3.23,1.8,8.85,1.92,3.46,32.18,10.87,15.67,15.67,1.82,117.78,7.03,74.22,26.88,228.9,23.46,35.94,182.49,14.47,188.59,48.3,11.27,21.59,5.24,89.56,7.06,135.87,10.12,56.53,0,0,49.8,0,0,2.58,4.54,1.58,4.22,55.7,99.5,11.26,16.96,6.75,0.83,25.29,75.8,3.15,3.25,13.62,0,22.34,21.27,1.08,6.71,2.87,1.08,0.14,0.41,7.04,0.71,1.67,0.4,0,0.18,0.07
WAT31989,WA,Tuoli,1989,2516,160,107.4,22.8,588.8,0,0,0,26,0,45.6,88.3,94.2,7.1,14.4,0,0,172.7,14.63,132.35,210.52,367.01,10.21,30.54,322.99,9.58,44.02,63.28,172.66,100.35,20.19,2.72,10.63,80.44,7.38,7.09,0,0,0,8.34,3.87,2.02,1.23,0,118.64,165.18,4.54,3.08,56.89,0,0,2.92,0,0,4.99,12.96,0,0,3.57,2.16,12.61,4.91,1.16,10.94,0,0.82,0,7.7,15.22,10.5,3.81,7.52,0,2.85,2.65,11.23,3.35,5.25,37.32,52.77,42.11,42.11,2.22,190.88,9.01,143.68,127.66,37.88,126.77,5.25,32.63,20.95,24.91,1.5,0,3.17,0.92,10.23,4,67.12,7.37,27.36,0,0,26.2,0,0,0,0,13.64,12.78,33.11,45.44,15.04,14.4,4.46,0,10.91,16.68,0,1.16,35.95,0,73.11,71.78,1.33,38.84,12.23,1.63,0.29,1.07,7.08,2.96,2.5,0,0,3.83,0
WBT31989,WB,Xinyuan,1989,2669,152,106.2,23.2,644.7,0.6,0,14.5,69.2,0,52.3,61,292.2,0,0,0,3,61,13.91,124.73,280.9,394.88,17.05,76.63,332.61,16.19,62.27,86.74,181.02,146,29.12,14.21,22.37,97.79,3.7,5.48,0,0.82,0,12.78,4.69,0,0,0,204.81,117.41,7.49,1.04,57.24,1.97,3.04,0,0,0,13.79,29.62,7.17,3.44,3.57,7.08,2.1,0.59,0.59,2.1,0,1.23,2.25,12.05,12.69,15.22,5.09,12.21,5.09,1.69,0,20.55,6.36,14.71,56.86,254.76,68.74,68.74,0,245.72,20.55,390.48,104.11,226.53,102.11,19.96,204.89,17.87,78.72,10.87,1.69,0,6.56,63.98,7.61,121.22,2.02,15.8,0,0,14.47,0,0,0,1.59,4.03,25.61,43.43,70.49,14.97,27.97,11.63,13.17,12.68,13.56,6.17,2.69,39.84,0,69.55,65.88,3.67,34.28,9.69,2.14,0.27,1,14.16,1.94,5.48,0.94,0,0.74,1.8
WCT31989,WC,Tulufan,1989,2262,160,119.2,23.2,523.9,0,0,9.8,91.7,1.9,289.7,37.9,9.7,0,6.2,0,0,61.8,7.24,103.72,190.28,241.75,13.29,70.33,184.36,12.59,57.39,70.61,71.9,131.79,20.45,21.87,7.95,87.53,1.05,7.39,0,0,0,13.19,2.27,1.51,2.89,2.89,57.83,68.34,9.94,0.38,29.27,3.81,0,2.35,0,0,0,27.84,3.19,4.58,3.68,2.39,7.9,15.3,13.27,6.28,0.47,1.5,7.39,5.85,29.21,12.35,5.39,11.79,2.1,1.57,2.29,13.94,4.16,3.16,16.02,74.12,147.3,147.3,3.36,173.89,10.58,241.7,34.33,283.61,33.05,8.33,270.1,13.08,64.48,19.04,17.09,5.27,2.02,15,2.4,44.27,6.28,46.16,0,0,41.2,0,0,0,0,6.97,34.51,46.94,57.65,17.84,20.84,7.29,0.62,7.42,9.35,2.67,3.62,14.85,0,36.19,32.81,3.37,9.83,7.13,1.75,0.07,0.71,4.14,2.85,0.78,0.13,0.07,2.2,1.36
XAT31989,XA,Yongning,1989,2829,146,100.5,23.6,227.3,5.5,5.4,24,192.1,6.3,280.5,46.3,5.9,0.8,382.8,32.3,14.7,148.2,8.08,79.2,174.77,237.89,15.63,139.52,151.87,14.41,86.02,122.03,52.08,62.18,6.61,6.03,5.19,33.17,0.97,6.06,0,0,0,13.93,5.32,1.41,1.7,0,62.22,229.77,16.09,0.76,91.36,5.14,3.15,0.77,0,0,17.28,54.03,8.92,8.27,6.77,7.13,1.96,9.15,9.15,0.48,0,0,2.13,0.82,12.76,7.99,3.58,1.64,1.67,6.02,1.91,5.59,4.29,4.11,43.44,19.84,129.48,129.48,0.27,230.15,5.33,198.41,37.06,289.9,35.55,15.53,274.38,9.41,86.66,25.66,9.35,1.15,3.55,41.21,4.31,132.57,6.67,21.67,0,0,15.85,0,0,0,1.41,1.61,2.23,62.12,83.02,15.12,35.47,15.31,1.68,20.66,35.96,3.23,3.05,26.98,0,40.38,34.36,6.03,11.87,2.89,2.92,0.41,1.75,14.31,5.08,3.8,2.29,0,0.17,2.79
XBT31989,XB,Longde,1989,2862,144,101.8,22.5,676.3,0,0,0,17.6,0,0,0,0,0,0,151.5,0,495.1,16.41,85.92,254.12,404.19,18.88,140.51,327.55,17.63,76.66,125.3,114.61,164.16,31.49,18.77,6.04,67.82,4.8,17.83,0.56,9.01,0,13.49,4.96,0,7.43,5.1,50.01,314.56,5.66,0.71,43.73,3.56,3.83,4.66,0,0,1.58,45.1,3.34,4.54,4.04,6.08,2.96,10.97,10.97,2.04,0,1.36,6.26,2.54,6.4,7.21,6.17,5.54,3.31,4.04,2.14,12.44,3.88,7.82,75.4,52.61,27.93,27.93,1.75,223.03,10.69,164.36,49.19,412.45,48.3,48.47,353.98,21.34,235.6,73.81,12.55,21.85,5.21,120.55,5.92,164.28,4.28,70.72,0,0,65.57,0,0,0,5.5,0.51,7.33,49.4,69.43,10.73,16.52,6.88,1.5,26.28,53.39,0.73,2.48,54.92,0,82.06,79.23,2.82,14.37,11.02,3.88,1.15,0.62,46.26,3.52,28.02,9.09,0.09,0.62,0.17
YAT31989,YA,Xianghuangqi,1989,1992,180,129.1,22.4,335.8,0.7,0,0,30.7,0.2,95.1,104.4,135.2,45.9,16.4,33.1,0.1,60.9,3.64,151.09,104.54,154.84,17.95,49.24,101.67,16.95,53.18,99.56,45.76,50.17,0,0,2.38,20.54,3.29,7.63,0,8.22,0,14.81,6.94,0,0,0,214.68,165.81,7.92,2.23,98.71,0,0,5.61,0,0,44.03,65.27,10.37,7.63,6.05,3.28,2.21,0,0,0,0,0,0,10.16,24.11,2.71,0,0,0,2.71,0,2.08,5.33,0,30.81,28,70.33,70.33,0,404,2.08,129.13,37.34,338.13,37.34,7.63,330.51,0,36.36,0,0,14.91,0,8.22,2.23,106.93,0,18.1,0,0,18.1,0,0,0,7.63,0,0,48.84,73.84,17.79,42.53,2.21,6,4.33,25.73,0,0,5.79,0,18.18,15.1,3.08,12.12,0,0,0,0,2.02,0,0,0,0,0,0
